gene_id	gene_symbol	selection_model	has_motifs
80b855a4-5379-51bb-be4f-ee2e01a25b91	1433B_HUMAN		no
a175f1e7-e958-5871-a6c5-c08dde6ef5f6	AGRE5_HUMAN		yes
49e5a833-7672-56a6-892a-409b942aed87	AIMP1_HUMAN		no
9fab216d-338e-517b-a6dc-501fab5280f5	AMPN_HUMAN		yes
f24f18ec-f7a6-5c47-80e3-6e64a05302d3	AP180_HUMAN		no
0e1b4e57-bb93-5ad9-abae-ffd091509d8a	AP1M2_HUMAN		yes
865292ac-146e-537b-bc80-2a5793bd9dc1	ARC_HUMAN		no
e996eb72-cf39-541c-8b13-02eac89971fb	ARF1_HUMAN		no
e69e0a48-7859-53ab-94df-003b3423dc40	ARF6_HUMAN		no
90458f60-adb2-5ace-8138-00e017ce7307	ARF_HUMAN		no
8a6cbe36-62a4-586d-85d0-3e192a8aed57	ARI2O_HUMAN		no
f7322934-e48c-5890-a7a9-b5caed05db37	ARP2_HUMAN		no
3c59c284-c727-5600-adc2-d8517ec7254e	ASB4_HUMAN		no
cd0732cf-a40f-5f2a-8b41-a4aead938811	ASB7_HUMAN		no
a7964ba0-22bb-5844-8aa4-f930c3cc2b7a	AT11A_HUMAN		no
ee8dfba5-5400-5b1e-b368-2689bce94993	BLCAP_HUMAN		no
bff7bcc9-2f65-587a-afdf-280087a2d46b	BLT3A_HUMAN		no
3c2ec93b-9c9f-50fd-aaa8-ac9c8c556947	BRDOS_HUMAN		no
62ce6c9b-a671-55ae-8bce-77e7bde20b27	BTNL2_HUMAN		yes
917ccf91-ee79-5c0d-bc6f-e9df3467fe14	BTNL3_HUMAN		no
718884e2-9e8b-52f5-865f-5ed038b05bad	BUD31_HUMAN		no
3e44bceb-da47-57a0-94e6-ad9d1caf2157	C1C1L_HUMAN		no
a81b9b04-8c31-585f-83b2-f7522f459988	CA5BL_HUMAN		no
e4164800-5283-5aea-aa26-115c16f87351	CALL3_HUMAN		no
d354daaf-d694-5b60-8a90-5c45df9fc9a3	CAMKV_HUMAN		no
f295819b-6076-5a3d-97a8-8fe553e997e1	CAN15_HUMAN		no
ee8a735e-6e39-5a22-b051-dcd83c3cb969	CAYP1_HUMAN		no
7907e737-40d6-5ddd-8a42-865bbc07657b	CAZA3_HUMAN		no
199fdd49-a9a3-56b8-b2c5-f3a837e01e22	CB052_HUMAN		no
f4ff40b3-0688-5387-a601-3aa14f627408	CB091_HUMAN		no
52e52ab3-24ee-5747-b91a-6d8b90af5124	CB092_HUMAN		no
62cacc48-f1e6-5d41-b016-c525e9d2690a	CC126_HUMAN		no
1b7a4f2c-38e9-5351-a0c5-62169eac9a7c	CC184_HUMAN		no
577da44e-7841-5444-9046-634b157d70ff	CC28A_HUMAN		no
0d2d2662-f8d0-516a-ba87-03f6d4138f92	CCD78_HUMAN		no
c81ae26a-4849-5801-9b65-ab0b05013bd6	CD52_HUMAN		no
61e00629-1587-52af-9809-a761df67180b	CH044_HUMAN		no
2bb01ace-6900-528c-b205-4082e36abf59	CI129_HUMAN		no
97a4a996-c0f3-5410-9813-ba587b14d61a	CL054_HUMAN		no
c6f4a0ca-81d5-52e9-bead-e1f7283109b2	CNBP1_HUMAN		no
0524d03e-66c1-5f85-b432-71c75dc5ed3f	CNBP_HUMAN		no
408232fb-2545-57d5-8885-3a48e8bd064a	COLC1_HUMAN		no
ee638e07-c997-5347-9946-dac544eefd9f	COX1_HUMAN		no
bd858379-6d04-5268-9335-a694dff48885	COX8C_HUMAN		no
105518ab-eb5d-5e1e-bdbe-a737ba5ffbe5	CP26B_HUMAN		no
3e14a54d-523e-573c-addd-09a6c0d85dff	CPLX2_HUMAN		no
432e9087-6028-53b9-920d-3e44353363a2	CRGA_HUMAN		yes
2f3ff211-9804-5458-8cb1-3da8cda2268b	CRYGS_HUMAN		yes
b830f357-5e44-555d-83bd-f276bdfdc0bc	CSN9_HUMAN		no
bfdcdf59-b443-5230-be35-da3639f8a6a1	CT144_HUMAN		no
94a06a66-db6b-5545-88c6-79fafa55fc9b	CT47A_HUMAN		no
29766633-9b01-54af-8c72-0404d89f01fd	CTXN2_HUMAN		no
356884e3-3857-50be-8fef-75d2277a78f8	CX05A_HUMAN		no
4ef38ab9-5f77-542c-8e8b-5c7f5bdc3f68	CXB1_HUMAN		no
729f1a98-9a8f-5991-a22e-ce221e6bbcce	D104A_HUMAN		no
606da524-0267-52ac-870e-922d4638101f	D107A_HUMAN		no
fefb132c-54e1-5a02-89b5-6ad23b22ae91	DB118_HUMAN		no
12a3f178-0dc6-51c9-8f83-ab41b20be9bc	DB125_HUMAN		no
21de6032-c08d-574f-8eb3-29de68704369	DB126_HUMAN		no
8d0d9947-75b4-52fc-b468-c1ef06e7b019	DB128_HUMAN		no
03ea4821-a515-5d57-8b95-1b577f318486	DCNP1_HUMAN		no
b16c57bb-09b6-507b-bf31-8957b707a012	DCTN1_HUMAN		no
e09ad40a-c9b2-5d26-b10b-0883ee2929a5	DEF4_HUMAN		no
09d76129-5f16-57d2-b30d-b2fe14b2305c	DPPA3_HUMAN		no
f1d5ab72-beaf-510a-a555-98fda875642e	DPRX_HUMAN		no
a761e9dd-c46c-5ffe-b8bf-2df78d1b2abb	DUXB_HUMAN		yes
e9b86256-ab9f-5537-a489-0d1b956a843f	DYL1_HUMAN		no
5797a453-470e-5faa-8c59-abe4e6dc93ad	DYT2B_HUMAN		yes
8adf1305-c8f3-5cec-ac57-ce5ea1285a93	E41L1_HUMAN		no
12cd96e1-cc54-55bc-95fd-91195be00f9a	EBLN1_HUMAN		no
a2956e15-c51a-5521-984b-96c3e8b43142	EDD13_HUMAN		no
95146b67-571e-5d68-8a57-38780a775730	EDIL3_HUMAN		no
4cecc1fd-27ea-5a77-94d3-8e6b09e8bdd3	EFC4B_HUMAN		no
ce871bbc-db53-5b7e-a8a9-73c1014f36fb	EID2B_HUMAN		no
604252e2-d38c-5139-9e86-a3fd82aa4aa3	ELN_HUMAN		no
2ea04788-f421-5ccf-8e1c-322776250396	ELOC_HUMAN		no
d0ba9b79-706e-5904-915f-e98eeddb98f5	ELOF1_HUMAN		no
3747ac5b-c638-5f50-9b80-80ccd58965d0	EMAL2_HUMAN		yes
a897bb86-6671-5496-b609-d2a80fa1c9c2	EMP2_HUMAN		yes
0b258b8a-fac5-5e58-a2ef-14520f55a10d	ENC1_HUMAN		no
f3b0d4fe-6e00-5c60-93a4-821bac9f0a23	ENHO_HUMAN		no
3e412168-f8e8-5e0f-91ac-cd47d90ef7ef	EPC2_HUMAN		no
c4e93929-a77b-5548-8280-0456e03a49c9	EPT1_HUMAN		no
18569672-f21d-51f0-b714-e6d7e6d147e8	EREP3_HUMAN		no
b6255c38-14d2-5941-9776-95fa9bd894f5	ERF1_HUMAN		no
4c08850f-6e49-5ae5-8633-5596469c88b0	ETDA_HUMAN		no
26c32fd1-f3bb-5526-a99e-4d19d763f9bd	EZHIP_HUMAN		no
f4c3fc97-47a6-570b-a2b6-b4cbcabe6562	F168B_HUMAN		no
b152091c-d5aa-5760-b497-5fb7908cdb11	F236A_HUMAN		no
1511a24f-7764-534e-a0f7-d834068cb438	F246A_HUMAN		no
1798c5d2-075f-56b5-82f3-f516be295be0	FA156_HUMAN		no
1826842b-83d9-5414-b540-cc51a863c45e	FA5_HUMAN		no
4175f922-a063-5368-b7d8-3e5472116f0b	FDSCP_HUMAN		no
bce0bcf2-06b2-5294-8109-514d67908e4e	FOXJ2_HUMAN		no
c5b2e641-0329-52db-ba3e-95b51b173455	FRIH_HUMAN		no
c98870fe-0226-5138-8a59-04ab5a7f147b	GALP_HUMAN		no
04d0b4db-b85c-56fd-8d41-940eb328fe39	GASP1_HUMAN		no
348f5e1a-db90-52c3-9585-ed1b9734c3f2	GBP2_HUMAN		yes
466e5004-d130-50a3-9fe7-b86444563c33	GBRAP_HUMAN		no
544c34a5-6152-58f4-99c8-d7a357664e15	GLPA_HUMAN		no
850fbebd-1aba-5cc6-a8af-ab3dbf037db1	GLSL_HUMAN		yes
ba2b4a05-6ede-5926-b368-e462b7b8c016	GNLY_HUMAN		no
a8ee13cc-e7f1-5554-9eff-560677fa5ea4	GP162_HUMAN		no
10ca661c-ce62-5f04-ad0e-216a922d812d	GPR62_HUMAN		no
b921646b-ae02-5e61-99ed-7520f2044133	GPX1_HUMAN		no
ee573fd3-9fe6-5968-a227-e4bb486c5914	GPX4_HUMAN		no
5fd51e8a-0efb-503c-8d2b-ec8c9ea91dc4	GSHR_HUMAN		no
d4e644eb-0b7e-5de9-a3e7-8b27f11bcdb8	H2AV_HUMAN		no
a6a197ff-89d7-5f42-b5dd-c3add0253a1f	H2BFM_HUMAN		no
bc583a68-9c83-5e5e-80ef-757b20458f58	H2BN1_HUMAN		no
be760a1c-6d00-5eea-a8fc-d1dcaa2f963f	H4_HUMAN		no
90f90811-d7b5-5b46-a69f-d56587fd0772	HEPN1_HUMAN		no
2600cad2-bc1f-5403-b71a-a6fd07132d89	HIF3A_HUMAN		no
dcb4e2ca-0d73-5710-b30d-ecf25f8631b9	HNRH3_HUMAN		no
35c111e5-f32e-54b2-af9b-a4b90001a015	HRK_HUMAN		no
4ade4f27-523f-57a2-a556-458d2adfaecc	HRURF_HUMAN		no
d8e17e90-f883-5614-8950-61c115db7f34	HS71A_HUMAN		no
29af6f25-b673-593e-a4b0-63398b6b5471	HSP72_HUMAN		no
6e8ba990-8136-5319-b133-321fe98ac818	HSP76_HUMAN		no
dc7237b3-f4e8-58d4-be1c-ca9aaf93a9ef	HSP7C_HUMAN		no
ff62881a-6630-558b-a186-b3e3add3081a	HXC8_HUMAN		no
e2790de2-80e9-5bfe-8619-670ac7323128	HYAS2_HUMAN		no
3f6a27e8-04f3-549f-9cf5-3151ea0dd688	HYPM_HUMAN		no
fa8014f0-1a12-5677-8437-2673f876b5be	I12R2_HUMAN		no
956729bd-230f-590b-83c2-22e17ec52b30	I22R2_HUMAN		no
fc920d18-c41b-57e8-b7da-6224a4ed0b62	IFG15_HUMAN		no
99067833-a194-5d83-9834-fdd1a5d7037a	IGFL4_HUMAN		no
d8116f0a-3393-541e-b6f6-52fe01199d3e	IL1FA_HUMAN		yes
03d9c9d8-5609-5cc4-93db-887f041a5ff1	IL1RA_HUMAN		yes
3c0fb363-0fea-5778-9d63-9cc3d3397b77	IL31_HUMAN		no
2d04c90d-195a-536e-b139-5802ee18439c	IL32_HUMAN		no
6df24cfc-6ada-58eb-8637-9e0f6e703ed9	IOD1_HUMAN		no
a59b8625-da2c-58ba-956f-75bb6c93a916	IOD2_HUMAN		no
90482cd4-cdf2-58ea-8e43-4cda00f99783	IPKG_HUMAN		no
10d367cc-fbf4-5a09-bf8a-dc7c887a6483	IRGM_HUMAN		yes
f7ef01bf-5b41-5a55-a069-6e468ef437bd	ISK13_HUMAN		no
7f3f59c7-973d-5adb-876a-42b7d2b985c9	ISK8_HUMAN		no
bf8152db-5d83-5376-ac4f-dd80ea949312	ITBP2_HUMAN		no
13c5dedd-46a2-5995-b91e-c33dc29b18d6	JAK1_HUMAN		no
c00b3a79-0ace-5b08-8071-7fe7af726a7f	JAM1_HUMAN		no
8d2e9fd0-245c-5772-ab39-85d5119a1891	K2C1B_HUMAN		no
47b30584-d207-5a72-91f5-fc5a22621cab	KANTR_HUMAN		no
575d7528-13f1-5936-9419-14e49f814b64	KCC1A_HUMAN		no
e6a0b5cd-d247-54e2-82a8-1c2c748ff2c7	KCD11_HUMAN		no
b3594dbb-ae42-56fb-a032-6e94d8ccdaba	KCNK2_HUMAN		no
da9c4692-b093-5939-a7ec-8216cfea9e7d	KHDC1_HUMAN		no
08f3a4ba-32ab-5101-9765-950e06870058	KIF25_HUMAN		no
03fb00f7-2fe4-5075-8583-5a6e549cdf07	KLF18_HUMAN		no
43b7ffbd-d95c-5438-8080-d4a58af15cf5	KLH28_HUMAN		no
42970069-56e7-50a7-9352-b2dc180c9e47	KLH32_HUMAN		no
133ea5df-e5fa-52c4-ad70-3977ef553e87	KLHL7_HUMAN		no
da231a27-d23e-5571-9f8b-3233688d3801	KLK4_HUMAN		no
8a6e25e2-1771-5fd6-9f88-82c930a2ee94	KR123_HUMAN		no
65ffd264-a68b-5f01-9389-daa49b24fac9	KR124_HUMAN		no
17a3b18a-f01d-5f33-ae43-25c5017d3c9e	KR201_HUMAN		no
1c9395ac-a67e-5ec4-a4fd-705eff9164be	KR203_HUMAN		no
8ac8a2bc-b543-583b-9df2-5d1cf75d35b1	KR211_HUMAN		no
cce3235e-bbbe-5726-a562-bcbe2d33afc4	KRA92_HUMAN		no
019c62cf-550a-577e-ba99-cb960fb1960d	LC1L1_HUMAN		no
11ea6238-27fb-5148-a749-759911790ac0	LCE4A_HUMAN		no
bcffa38f-e1c5-5f63-abc1-47b0a191204b	LCE7A_HUMAN		no
0ec4e317-a511-5969-a94d-122d586fa02b	LCN12_HUMAN		no
fa5a670f-2116-5122-b0f5-d4c83a590d8e	LDHB_HUMAN		no
3c1e616b-3c7b-57e2-8943-5fe65cc8fd68	LIMS3_HUMAN		no
882d4bed-556c-5570-aa2a-8a77015d0fca	LPAL2_HUMAN		no
dcedc353-f5f5-5a67-942e-b6d361831cd3	LPCT4_HUMAN		no
b43c0bcf-1b86-5659-b7ed-16fb81e16687	LRC4C_HUMAN		no
956ee158-f8ac-5974-9c91-fcf72cb00f61	LSM5_HUMAN		no
ab91f578-59df-5eb5-90c4-9ca31e31c736	LSM6_HUMAN		no
76f40e70-eaf5-5aed-83f9-7f645016f257	LY6D_HUMAN		no
950280a7-e659-5ec9-bf9f-57bad0bd4675	LY6K_HUMAN		no
f239a870-b9e9-5519-a781-001a0b4fa347	LY6L_HUMAN		no
1d57e75f-38ab-52b9-aadb-0cc5b1fa05f3	M14OS_HUMAN		no
6a7e19a7-569e-588a-870c-0c4ebc823fcd	M4A14_HUMAN		no
232ed27a-4a3b-5a92-b340-06f4f60f9d8e	M4A6A_HUMAN		no
ab170acd-5c6a-54b7-bc79-63151b3433d1	MAGA1_HUMAN		no
a6f6779e-ffc7-5548-8043-7cb96687db32	MAGD2_HUMAN		no
fa0b2172-d1f5-5a4f-a8b8-f939b1ce3ec9	MAGE1_HUMAN		no
7eaa2380-2a44-5ae9-a52c-dcabc81d29ad	MAGH1_HUMAN		no
04216736-b674-5e50-a042-d78d019844eb	MAS1L_HUMAN		no
a2f26fd6-464e-5f5a-b027-d8f2031a547c	MGN2_HUMAN		no
6bd22d43-1bfb-536d-bdd3-40f26c39bb17	MIEN1_HUMAN		no
501a5ab4-bbea-554f-ae72-a5c08dbbf97e	MISFA_HUMAN		no
12d367aa-cb04-5cc5-b060-c3d964090f93	MK06_HUMAN		no
0d94238e-56f6-52bd-a2f1-2bfdc14a39f4	MMPOS_HUMAN		no
e0e51ac6-c650-5f51-9b49-94b6d78f13b1	MRCOL_HUMAN		no
44a1c5e7-4eb4-5ee2-94a1-71fbab147848	MRGRE_HUMAN		no
324280d9-5466-5b8f-a103-6f8dfba619d4	MSD5_HUMAN		no
dc809049-3543-52c9-ae3b-815304034821	MSLNL_HUMAN		no
c8ee997c-0dfb-5e1e-b646-1ee972cc2a80	MSRB1_HUMAN		no
332b9f3a-fc7f-50b0-a904-e79018a7b559	MT1E_HUMAN		yes
1f451307-76d3-531f-8c9a-5e640256d461	MUC7_HUMAN		no
81045dd1-0d9f-5254-95d2-ddc6e7d26f46	MYPOP_HUMAN		no
790e5d0b-9e5e-5d04-802d-51398f8bc437	NEUG_HUMAN		no
1ae2149f-1c33-5c54-8ade-eb828b4cb6cb	NMNA2_HUMAN		no
d20777ba-415b-5f8f-822f-1dc096a2583f	NNAT_HUMAN		no
65e8261b-e4b8-520e-9956-4d1635a9b13c	NPTX1_HUMAN		no
4837fc7b-5683-5276-8de1-ee82308d5d95	NRAC_HUMAN		no
7978f6ef-2bab-5163-8116-41ef82b92b40	O10J4_HUMAN		no
266ce086-f6fd-57f9-9a17-d2a6c561b764	O10T2_HUMAN		no
7c8fc71e-9a5e-54d9-ada7-1aff93a4e86f	O10X1_HUMAN		no
4ab16509-c096-5aa3-9163-7c033682c802	O2AJ1_HUMAN		no
f64acbf6-c8b6-5c14-b6da-fef0e94159ae	O2AK2_HUMAN		no
616e089c-4dbe-5b20-a55a-695cdc55cc9f	O56B1_HUMAN		no
fdfb2d00-c7fd-594a-a648-130d9660b613	OBP2A_HUMAN		no
bce14336-25ba-51c1-abb4-9f59ad34af64	OOSP3_HUMAN		no
539a47b6-13ed-5111-89dc-254f49fae8dc	OR1P1_HUMAN		no
a14eb075-0583-5827-a500-7067687752ad	OR2L2_HUMAN		no
e876fe2e-a019-59ca-a691-1746ea760d6e	OR2LD_HUMAN		no
748a7916-5541-5815-8048-4a320574132e	OR3A4_HUMAN		no
7c4d1cc2-2bf7-5f8a-a31d-2b163785420c	OR6B2_HUMAN		yes
7f011fc0-9f52-55b4-b130-124296b504cb	OR6K2_HUMAN		no
635169fa-155f-5468-8556-df3c262b3df4	OR6K3_HUMAN		no
ccf85346-e06c-57f7-ace5-e0d0b64144b2	OR6P1_HUMAN		yes
2c200a5b-456c-559f-b779-c99278f4388c	OR6Y1_HUMAN		yes
31744f65-bb36-574a-90d2-0a063e5c6b8d	OR8BC_HUMAN		no
1dd126da-0e90-588f-865d-b9709ec5239c	OR8J2_HUMAN		no
f92886f0-6f86-59dc-b005-92d9b4deebd4	OR8K1_HUMAN		no
283bb6c8-2cfc-5dfa-bfa6-6b5209988f5b	OR9G1_HUMAN		no
705db867-5edf-5458-877c-ec858b81bb88	OSP4A_HUMAN		no
7d04f62c-3d1f-56e4-ae22-2963cbb79545	OSP4B_HUMAN		no
5a559d7a-e6d2-5313-96af-de09e2ad3471	OST4_HUMAN		no
af858a4d-b56a-5aeb-ba53-4475191f99de	P2RX3_HUMAN		no
ee24034c-6040-5527-b780-4b0338c4b34a	PABP5_HUMAN		no
37a8bdd3-b8d0-502b-81b3-9635bd62ea2c	PAGE4_HUMAN		no
b35be92e-cc8b-5f76-8ec6-a43fd24573eb	PANO1_HUMAN		no
6edaa4b3-b7ec-50f0-941a-93219c290a3f	PASD1_HUMAN		no
56c6d449-a955-5d20-8ae5-f523c81571b2	PATE4_HUMAN		no
87663da4-39d9-5220-aa7b-fda8875edda1	PBOV1_HUMAN		no
e6458753-d61b-5aeb-8c37-a037b6c74e3e	PK1L2_HUMAN		no
1ae53055-c09e-5f12-a720-50777d0be637	PP1A_HUMAN		no
ab099608-4ad5-57a4-94dd-ecf208e80187	PP6R1_HUMAN		no
b38a9f41-786b-5c61-81c3-06f2d9f715e1	PR20A_HUMAN		no
4276c4ee-d4dc-5d9a-9ad3-5442daaad215	PR23E_HUMAN		no
7fbc87f9-9a77-5dea-8beb-fe660b722c79	PRAC2_HUMAN		no
8bb23269-2bc8-5986-923c-8c6a63aa8d6a	PRAF2_HUMAN		no
96783232-914e-5ffb-bbe4-db06c6117246	PRIC1_HUMAN		no
083ff6b9-47a0-5346-b94e-9024980ebcc8	PRM2_HUMAN		no
c0fddaac-a419-5ff6-bae8-5f00a146f2f8	PRS51_HUMAN		no
9c038e46-9136-5167-a305-b0a1d630d069	PRS6B_HUMAN		no
62d3ad91-54ab-5390-a7bc-3522bc269952	PSDE_HUMAN		no
d0522e92-5b7b-57dc-8add-d08aad2246fc	PSME2_HUMAN		no
8d883502-0b8e-5819-b7cd-60d0b7085cff	PTIP2_HUMAN		no
5f15b7d1-c7e2-57c2-acbb-697f508c8251	PTMS_HUMAN		no
d0ec7d61-0028-59aa-994b-e0b4fedead59	PURG_HUMAN		no
451244ef-37f8-54c0-b4a2-fc83aea7419e	PXL2A_HUMAN		no
a2fc8bd4-f909-5c0f-b2f7-5bf5bad7c5cb	PXL2B_HUMAN		no
713ed1a0-c4a2-5a14-890a-d776f66b84d5	PYDC5_HUMAN		no
7d3ff433-011c-5d2d-ac66-b7047d10e484	R39L5_HUMAN		no
edbf963b-3353-52e4-a948-06e8f01ed6e0	RAB13_HUMAN		yes
6c930d36-e749-562f-b80f-c996ce0b2d2d	RAB14_HUMAN		no
0b70b95d-3563-5a94-82a4-a5be9f58c3e6	RAB2B_HUMAN		yes
fc01afe5-bc6d-5c66-9b9e-53370d4e54c1	RAD51_HUMAN		no
0aa47423-812c-50fa-bd16-5563eb5e5ff4	RAD54_HUMAN		no
87d30a32-47aa-5f3a-958b-a1d30a25d75b	RBBP7_HUMAN		no
d146a121-3eed-5b3a-9a67-7cacc59a25c0	RBM46_HUMAN		no
b8928e72-b8b2-5464-8550-bafb79bfdd0e	RBX1_HUMAN		no
0da8d879-595b-5136-9f15-cf81eca79e7e	RES18_HUMAN		no
f257ff35-ff4c-5210-a43b-31e4c173569e	RHF2B_HUMAN		no
c511a4d4-349a-5a1e-9851-1639b70dc431	RHOB_HUMAN		yes
1d195ca4-72e1-562c-8492-8be04d149042	RL38_HUMAN		no
4f6ac4b7-acb8-5e57-8cbd-e55f4f8916ee	RL40_HUMAN		no
9eb9d2ce-ea8c-54ea-a512-fb4a97ed5b9b	RND1_HUMAN		no
ba60574f-5d92-5a7e-85ea-ac9e2f8ed732	RND3_HUMAN		no
c71d7f69-1ba8-5ca7-b901-156ee14fffc5	RNF41_HUMAN		no
ae3d8355-507e-5c75-8271-d3349b505812	RPAB4_HUMAN		no
d44cc973-44d6-5b2d-9d97-7cbd79fef628	RPB1_HUMAN		no
1caf20c8-59d0-57a7-b4ce-1eb7ad5a4079	RPB7_HUMAN		no
1c7a0d77-ffd3-5d24-a3aa-e9f7de703619	RPB9_HUMAN		no
9496af00-0ce9-5fc4-afc5-a7b3459c5add	RPC3_HUMAN		no
2708b340-2310-57e0-8dbd-f59893473bb5	RS13_HUMAN		no
815408be-90b5-56b7-9564-e989c5ec3445	RS15A_HUMAN		no
86d5ba28-aa3a-5fb8-839e-66b7aeff4448	RS16_HUMAN		no
bf45702b-92bf-58e9-a3a9-f763c448e62a	RS20_HUMAN		no
74d04b6c-2617-5f03-acec-6bc6fe508511	RS23_HUMAN		no
d0540623-8bb2-597a-947e-fabb364f9fed	RS28_HUMAN		no
a5982e52-14b9-555b-a09c-24b914ee4394	RS29_HUMAN		no
4d80f7e9-b668-500d-a786-e40245861d94	RS5_HUMAN		no
74a6b7bd-6b5e-5f22-a3c8-2c071fc906bf	RS7_HUMAN		no
0b4b3bf3-b731-5881-8e93-0111a2bf5766	RTL6_HUMAN		no
d067212d-33a8-5ead-89d6-48df5617fe1e	RUVB1_HUMAN		no
5fe1f7dc-dfd6-5ef8-be6d-be88cc2858a1	RYBP_HUMAN		no
057fcdbd-5d93-58f0-965f-037a850bf0c4	S100Z_HUMAN		no
7ba55ca3-2ae4-58f5-80c7-744c3cc8807f	S10AA_HUMAN		no
74595dc0-ef46-5bab-971a-5aec4c1f08d9	S10AE_HUMAN		no
5975d421-7cc6-5eae-838a-fba2a31c976f	S35D1_HUMAN		no
42440590-2710-574e-9839-e082b964eb56	S61A1_HUMAN		no
a77fcb50-340c-5d0e-88ca-06bb3849ada1	SBNO1_HUMAN		no
d3b65ae5-f8ff-56ed-9aaa-7d882f96cce9	SC61G_HUMAN		no
0ea740b9-52be-5549-9527-6a47bd70c285	SCAM3_HUMAN		no
c54cc5eb-e44b-5fee-a089-3ba8493537fe	SCNNB_HUMAN		yes
d0133758-214e-5bcd-a075-e6a8cac0b2fc	SELH_HUMAN		no
805136af-1374-506f-a5b4-d2ac836c3364	SELK_HUMAN		no
45105ad9-3b15-5dff-9d1f-77683729c1b8	SELM_HUMAN		no
f6d62938-5f78-5514-86fb-d79dc2ef3968	SELN_HUMAN		no
64002668-09c1-51d4-a09c-70e1fd24201c	SELO_HUMAN		no
21df29af-8f3f-50b0-9d01-b6ce3c49101e	SELS_HUMAN		no
fb819ac7-af81-5a6d-b0fd-d395e517d4af	SELT_HUMAN		no
502f0d6f-72de-5a37-a16f-b079c35569d3	SELV_HUMAN		no
e148e83c-b601-56bd-aa50-791a82a49435	SEMG1_HUMAN		no
c9c7a719-ce22-5d0e-a9e4-1bf31b46fb27	SEP15_HUMAN		no
edb09390-d22e-5085-8b01-8c99413c6d46	SEPP1_HUMAN		no
ec85d373-0b77-5679-bbef-74892b9f4ba7	SF3B5_HUMAN		no
33a62eaf-d7b7-52b2-8c48-2f45aa669ffc	SFTA3_HUMAN		no
c15b4cea-91d4-5354-9203-42edd65df398	SIM32_HUMAN		no
67f6d711-9f0b-59fb-9c76-cd004507961a	SIM43_HUMAN		no
e7798052-9e91-5b03-9e4a-b5a13a628437	SLUR2_HUMAN		no
cf90cc41-7106-5abf-8043-b93d08a654d4	SMCO4_HUMAN		no
92addfe1-7cec-531c-a4ba-6ae395cabcc4	SMD2_HUMAN		no
2eb6dce5-2daf-5744-9424-9408c63011d7	SMI45_HUMAN		no
61f34edb-5679-5a16-818e-c890f922261b	SMR3A_HUMAN		no
e64e37bf-f651-5d5b-93c4-934bf54afb12	SNN_HUMAN		no
cd03ef12-c6d8-51e8-ae9e-288d52714774	SPA13_HUMAN		no
af03dd37-3dfa-57a5-be09-15855402f9d2	SPAC7_HUMAN		no
0685f691-7ac6-5a63-917d-808360d3723b	SPS1_HUMAN		no
f39a081d-b3fb-5b61-ae0a-88e84c09e5ac	SRRM5_HUMAN		no
b340d706-1ff4-59c3-a477-350f34113399	STAT3_HUMAN		no
29dc64ac-208f-5fdc-82c3-b0a003820ebe	STC1_HUMAN		no
7177a753-ff16-566a-af20-4dcb443e8817	STH_HUMAN		no
4e47ee83-4b8c-5890-8e67-6ce327e1b66c	STX4_HUMAN		no
57932c28-a889-5c69-92a1-5836a65299da	SYC2L_HUMAN		no
6ee3ad84-1be9-5564-8735-a010793b6c7e	SYN1L_HUMAN		yes
6b4ffa60-9b7c-5a77-870d-3616eb8d2a2c	SYUA_HUMAN		no
34bc1b74-7063-5fe8-af85-dc553b30392f	TA2R2_HUMAN		no
915bc963-b79d-5c7f-9086-df7be31fdfd5	TAOK2_HUMAN		no
e70b3e7b-2c1b-5541-aa32-922d0f1530e7	TBA8_HUMAN		no
f6c0219e-90bf-50f7-9709-6d554f19d1ca	TBB2A_HUMAN		no
db1c7eff-d37c-588b-8631-c5dedab5d8cf	TBB4A_HUMAN		no
07407a4c-8608-5361-9388-0df73af9af72	TCL1B_HUMAN		no
7e66673a-9615-52a7-b20e-8f851909749f	TEX22_HUMAN		no
c1eab274-e58f-55bf-b595-c4456fd6eae6	TEX48_HUMAN		no
8f93ab52-de82-5c24-81c4-daac7da829c1	THAP9_HUMAN		no
112f3e67-8cba-55de-a85b-e245e6fae3ef	TOM5_HUMAN		no
2a7d4673-970c-5c50-ad51-5eede94491b6	TPRX1_HUMAN		no
4ee864e7-91f8-578a-a4db-9dbd520d8e32	TRPA1_HUMAN		no
8ea9bd30-7fa0-53fc-a139-4cf0d50dc917	TUG1_HUMAN		no
c10973c7-742b-54e4-b32a-69fcabb3c77c	TXN4A_HUMAN		no
b84b756c-634b-56c7-b282-e07ae7409d2b	TYPH_HUMAN		yes
55ef478b-cb65-57ce-aef6-c656e2dceedf	U2AFL_HUMAN		no
bbf9fae0-cc9f-5555-8399-05a6c34c0968	UBC_HUMAN		no
858fa65d-218e-5c88-bb41-0b6aeeec129d	UBL5_HUMAN		no
8d1dabf4-91a5-5830-bc1a-a370bea01dd4	UBQLN_HUMAN		no
878013ef-5fe5-564e-b57e-3f1a1ce4aacc	UPP_HUMAN		no
aa3929fc-5947-5d4b-8211-126b25f8850f	VDAC3_HUMAN		no
6d0eb1e6-57a2-5fe2-ae5f-7b615c6b7e89	YPEL5_HUMAN		no
62e87b1b-52df-518d-a863-6353aff35f8a	YT014_HUMAN		no
1a507da4-dc1d-5d82-ac33-c490e7ec6475	ZBTB6_HUMAN		no
266329ad-794a-50f6-9ab2-3e582cf68a50	ZFP14_HUMAN		yes
d4f41d36-2b1a-57d9-b571-ad9bd95091f7	ZFP62_HUMAN		no
eeee2ff0-c932-53fa-b897-94c50da24db9	ZFP82_HUMAN		yes
669d9ed4-88ea-5707-aa3c-1360128dee8a	ZIK1_HUMAN		yes
d801743a-901a-518d-bd95-dffbb4a6fa0a	ZN114_HUMAN		no
cc75c642-1c90-5c7a-af19-511d29a4fa52	ZN121_HUMAN		yes
46a608ff-458c-5288-9787-8a71b83ed176	ZN132_HUMAN		yes
3143e5df-a62f-560e-a743-1f7ca69952fc	ZN160_HUMAN		no
ccbea571-2168-5f07-8e00-1a99360b751e	ZN189_HUMAN		no
bdd4dce8-2ffd-59c7-9020-3efd31788a72	ZN226_HUMAN		yes
034c4901-2072-54d4-8177-61726e11ac5d	ZN229_HUMAN		no
51d6f057-48c4-51ba-8a17-f7a0ca69c944	ZN287_HUMAN		no
6a45997e-39a7-5dda-85d2-b67d4a4ab47f	ZN322_HUMAN		no
7998e5e2-76d1-5d6c-8dbe-cdb1292d0557	ZN345_HUMAN		no
3d6de184-b64c-57df-b0d0-20ad5827a869	ZN391_HUMAN		no
ff1f2f60-1e77-52e4-849e-70429928664f	ZN415_HUMAN		no
4ebb33c8-215f-588d-ac61-f5b1c0046547	ZN425_HUMAN		no
692afb39-1142-5a19-82b1-70afd567a140	ZN460_HUMAN		yes
34765baa-cc57-5257-8c39-87561410ef37	ZN485_HUMAN		no
6279a5cc-02ed-54b1-a552-101c51376d28	ZN501_HUMAN		no
083b5381-285c-5b18-9135-80dd0ff14c77	ZN519_HUMAN		no
10ff2eaf-56d0-50de-88b8-a3a9dac0fd24	ZN543_HUMAN		yes
de1c21b0-1755-5911-9bbb-9411afac45b1	ZN571_HUMAN		no
bf3b5046-c926-5c67-a055-cce64b063c40	ZN630_HUMAN		no
abaaf42f-1e92-541e-b350-bc0f9fcb55b7	ZN648_HUMAN		no
e246ee69-31cc-5793-8c4b-638a3d3cb673	ZN660_HUMAN		no
ffb5fa40-fc83-5a2c-b56e-80794fee1795	ZN664_HUMAN		no
a7872df5-86fc-5d36-8d64-f79d562ac566	ZN707_HUMAN		no
5979d73c-8b24-5612-83fc-63632574bcf3	ZN717_HUMAN		no
6b6a40ce-c736-5577-86b1-8c410d071726	ZN727_HUMAN		no
d29dd43c-bd81-50fd-bd0a-1915aad35078	ZN782_HUMAN		no
5691f1b0-6dc1-52f6-81c3-f9285dc12ab7	ZN815_HUMAN		no
f5e338f8-2d8d-5fd5-815c-4c72662862f7	ZN852_HUMAN		no
46fbb10b-6a6f-546b-bf74-1ea8a5a6c742	ZSCA1_HUMAN		no
92c46fc5-e530-533f-ba43-960ab4f33470	8ODP_HUMAN	proxy	yes
750ccad9-9428-5f6d-9646-907f643de9a0	A1BG_HUMAN	proxy	yes
5757c36c-9f73-5a00-a866-3f0bb1549d57	ABC3A_HUMAN	proxy	yes
254c059f-d08f-5c8a-8c90-665614f7b5a1	ACE2_HUMAN	proxy	yes
529b036a-7fdf-5692-8a26-610f9b8ffb2a	ACER1_HUMAN	proxy	yes
49b102dd-c4bc-512e-9fab-f6b84d78cba7	ADA_HUMAN	proxy	yes
ea882720-7fcc-5ab4-a1d9-997c9a66e0e0	ADIG_HUMAN	proxy	yes
803d9ac7-3148-5ed1-b119-81411ecaf845	ADIPL_HUMAN	proxy	yes
d7710167-d056-5c0a-9d26-1f84b5a3bc70	ADM5_HUMAN	proxy	yes
f43c7a64-86c0-53c9-a66d-4ab9e8bf913f	ADPRH_HUMAN	proxy	yes
09f69fed-5baf-5263-b114-2fef06f1a8ea	AF1L1_HUMAN	proxy	yes
69206fcb-9a48-55ac-92ce-7eebb3147fe8	AF1Q_HUMAN	proxy	yes
58785df8-4d43-5d9a-9b63-1c7700973668	AF9_HUMAN	proxy	yes
c63fb411-8129-517e-be88-f45a81b03113	AGR2_HUMAN	proxy	yes
5f171f80-4d1f-51b5-b51c-e22bd340dcd6	AGRG2_HUMAN	proxy	yes
d37c49e3-3689-5391-83bc-bf5637e972cd	AGRG4_HUMAN	proxy	yes
418ef0c5-5f86-53f2-a5c8-ec295939ead2	AGRL4_HUMAN	proxy	yes
157a799c-0872-5cb7-978a-70a801925777	AJM1_HUMAN	proxy	yes
bcd9c0ed-179e-588e-875d-d784a7117d14	AKA28_HUMAN	proxy	yes
c01a8322-6336-5094-8bd6-8f934a7fa649	AKA7A_HUMAN	proxy	yes
98d3acdc-bc38-5217-bda7-f2f77612bdb2	AKAP5_HUMAN	proxy	yes
f387561c-a4cc-566f-88e8-c3606f053d08	AKIP1_HUMAN	proxy	yes
284073e6-bd8b-5b41-a2c8-934b6118fbd4	ALLC_HUMAN	proxy	yes
53fe321c-d899-5f79-aa98-f056424c2cf1	AMNLS_HUMAN	proxy	yes
f196c6f5-e7f2-51a7-8d2d-986a91e37d34	ANGL3_HUMAN	proxy	yes
eba64a40-0d02-5574-abdd-c76d5365c7e7	ANK1_HUMAN	proxy	yes
573afee3-b97f-58a2-a148-cd260bc1ab3f	ANKL1_HUMAN	proxy	yes
6d6c2223-0432-5c4b-b9fd-855fe03e2795	ANKY2_HUMAN	proxy	yes
c861f477-f351-57d3-9334-77373c5fffc5	ANR16_HUMAN	proxy	yes
d0bd0b1f-e886-558c-bd0c-0ade8b81bd62	ANR22_HUMAN	proxy	yes
a5ef2ec6-8706-5da1-90c1-f7898e0b971d	ANR27_HUMAN	proxy	yes
c75de9f1-cd24-56d1-904c-798f473477b2	ANR49_HUMAN	proxy	yes
fbf34613-e77e-5ed1-9b6d-7fa5eee21290	ANR53_HUMAN	proxy	yes
ce1d18cf-5838-5cf6-b4ff-63eebce12d56	ANR61_HUMAN	proxy	yes
5596848a-0a8f-5f5d-a44f-5bd64977d3f2	APC16_HUMAN	proxy	yes
bb0bac04-3d20-5b8b-b812-c40b0c39c1cd	APEL_HUMAN	proxy	yes
2a5b66a5-bf9e-50aa-8d6d-cf29f235b60d	APOA_HUMAN	proxy	yes
adffbbe1-4602-52a8-b0f1-86c60d9113ff	APRG1_HUMAN	proxy	yes
f325b892-6db3-5dcc-95d4-082ba804bf4a	APR_HUMAN	proxy	yes
28c1761a-b24e-582f-92ac-d4278465e2e1	APT_HUMAN	proxy	yes
8762445a-d9a4-55b9-a86e-df293d06d17b	AQ12A_HUMAN	proxy	yes
8c2b850c-92c9-5c67-b98b-d9e82fd673dd	AQP10_HUMAN	proxy	yes
eefa9b1f-856a-574a-a7c8-898ee56a5609	ARHG4_HUMAN	proxy	yes
b372e88b-075b-5d98-a0b7-c0f0385e8752	ARHGF_HUMAN	proxy	yes
19ffea1b-93b7-5cd4-9862-a4e6caaea1eb	ARL11_HUMAN	proxy	yes
0404a8fc-a202-5f0b-a7f5-04af9b27cadd	ARL9_HUMAN	proxy	yes
13508b03-5a46-544c-b70e-8eab6981a9a1	ARP10_HUMAN	proxy	yes
74a6d4d6-3a71-5ee6-81ed-1eb5d367c8de	ARPIN_HUMAN	proxy	yes
4f9d9bfa-825f-51e6-a9b0-69f350e26bf8	ARRD5_HUMAN	proxy	yes
e4c64a4a-82d2-56e3-9efa-025c2d960075	ASB12_HUMAN	proxy	yes
f4d1e3ea-a86b-5bcc-9b6b-6b876305f9dc	ASC_HUMAN	proxy	yes
b5a1f4e2-bc9d-5247-bb38-54c7e3014305	ASGR1_HUMAN	proxy	yes
2e890f51-7771-5698-97c5-c3d0c060233f	ATCAY_HUMAN	proxy	yes
35ebe693-989b-5990-bfd8-3555ee941714	ATF3_HUMAN	proxy	yes
fe285ee9-a2dc-59c7-9fa3-8eef377191c3	ATNG_HUMAN	proxy	yes
74453a57-02e9-5ff9-8812-6f83fedb6582	ATOSB_HUMAN	proxy	yes
a4609890-8d80-54f2-8430-9fa7f51ffd39	ATP6_HUMAN	proxy	yes
76d97e21-6fe7-581b-92f1-34e23c177018	ATP8_HUMAN	proxy	yes
11737c8b-c804-576a-b317-a3830141311e	AX2R_HUMAN	proxy	yes
103595bb-fe73-54fc-8e98-da56ea5d47a3	B2L13_HUMAN	proxy	yes
8c9aa13b-d075-5a93-a509-9f699b8d1597	B3GLT_HUMAN	proxy	yes
26fe9f06-e69b-52c3-bff7-4fccbd4cdd8b	B4GT7_HUMAN	proxy	yes
577379c2-002c-5639-8d3e-f435c727df03	BAG3_HUMAN	proxy	yes
a73e3d03-0c31-5d99-ba47-4e5df48a1aa5	BAHD1_HUMAN	proxy	yes
7111fabe-e505-56c2-8fc3-345213e522d5	BAIP2_HUMAN	proxy	yes
5fc6475b-ba2a-5225-8d98-22654c48011a	BBC3B_HUMAN	proxy	yes
ef764aa9-5c94-5ad7-814e-7b8b068cc798	BCD1_HUMAN	proxy	yes
a29278b8-9933-5907-89b9-04df076b2afa	BCL3_HUMAN	proxy	yes
5d78f78c-fcd8-543d-bdba-7ad7d9619885	BD1L2_HUMAN	proxy	yes
e75bd53e-7fb9-5b6d-8421-a776f0cd243d	BEND5_HUMAN	proxy	yes
90ae29f3-1d86-5ecd-8350-f1aed84ff3a8	BET1L_HUMAN	proxy	yes
2fbf4eb6-445a-50bb-a779-62d41e18972c	BEX4_HUMAN	proxy	yes
ce733ade-6a95-54ab-af7e-9910de485420	BID_HUMAN	proxy	yes
a9e5b215-9569-51ec-bdc9-177a12a61a8e	BIK_HUMAN	proxy	yes
d83eb7f0-6329-5e01-9a0f-de693b78c0c6	BL1S1_HUMAN	proxy	yes
17846e34-e0a6-5554-9c3f-df3b57501a0b	BL1S6_HUMAN	proxy	yes
c92e3431-f7cd-57b0-8134-5b9640480179	BOK_HUMAN	proxy	yes
91f153fc-0b4b-5078-bb25-d15d60f441cd	BOP_HUMAN	proxy	yes
43c5b2b5-a226-5c81-ab2b-8395df03622f	BSPH1_HUMAN	proxy	yes
fe8264aa-1769-5704-9aa3-25187837d164	BSSP4_HUMAN	proxy	yes
39607b84-8536-5b3c-b294-b19507db6d1e	BST2_HUMAN	proxy	yes
2fe5ba47-d3bc-506c-8f0d-7c1753a42c36	BTC_HUMAN	proxy	yes
fb82f6fe-2fe2-592c-89be-f59b45ae74f6	BUP1_HUMAN	proxy	yes
73610047-c746-5e9a-aca7-1a18547a3b39	C163A_HUMAN	proxy	yes
4d67b92d-271d-5076-834d-9c2774d04442	C1D_HUMAN	proxy	yes
b2436bb3-86ed-5475-94bb-2fddffd4c55a	C1QA_HUMAN	proxy	yes
a6920b46-7cdb-5bf2-bb39-ca4fc612f396	C1QBP_HUMAN	proxy	yes
89f746c5-ee93-57c7-bb58-8531e8d135d5	C4BPA_HUMAN	proxy	yes
b42d8098-f031-5a46-a222-6e6a0bb856ee	C560_HUMAN	proxy	yes
a18da548-8358-5eaf-8976-7ad009ad9c03	C56D1_HUMAN	proxy	yes
464f660b-c0ac-5b9d-9188-371d173f09d8	CA053_HUMAN	proxy	yes
d71ccc91-617b-5c87-8107-bb054f21e55c	CA105_HUMAN	proxy	yes
89998d9c-ea8f-542e-90fb-0b3416c391d3	CA159_HUMAN	proxy	yes
7b31deeb-a74c-5a61-a35a-229b4d3e431b	CA167_HUMAN	proxy	yes
8c8f6165-74c8-5afb-acde-100b0ae271e9	CA185_HUMAN	proxy	yes
936277db-b4a0-5aec-99c2-df6d70f58422	CA210_HUMAN	proxy	yes
295bba45-d23d-5596-9992-352bf80a714a	CAAP1_HUMAN	proxy	yes
0602141e-8813-5fec-86cf-2d5ce9c8e9c1	CABYR_HUMAN	proxy	yes
35e58532-d0cd-5ca8-ac5e-59949bfc3531	CAD26_HUMAN	proxy	yes
10517a56-4962-5691-a9a7-7dd11e5912d6	CAH4_HUMAN	proxy	yes
dc04ff3b-28e3-59b4-b494-1a3e419ae359	CALL5_HUMAN	proxy	yes
40015c96-07ef-5ca0-be50-370a4c912f78	CALM1_HUMAN	proxy	yes
94a2ef4f-3133-523a-8951-f4b88a0ddc43	CAR16_HUMAN	proxy	yes
eced86af-b522-513c-8217-7a07431d6071	CASA1_HUMAN	proxy	yes
1d0f81c1-8d60-588c-aaa3-51501901ebd1	CASC3_HUMAN	proxy	yes
c8ed3a3b-d269-58a0-afef-5d72dcd4e5d0	CBAR1_HUMAN	proxy	yes
32cb77e8-8781-5981-94c1-f9e5fe84343c	CBPC2_HUMAN	proxy	yes
3a3cae54-c4a9-5054-b6ac-fccf5816fb14	CC022_HUMAN	proxy	yes
42096d9c-f85e-5331-942f-35bfcb29f90d	CC141_HUMAN	proxy	yes
9bb8f208-a1d7-55fe-b323-3741a96398e5	CC169_HUMAN	proxy	yes
8b8bc972-d1ed-55b2-a097-40333b4c517b	CC179_HUMAN	proxy	yes
c5f5129d-2b54-5c15-9eeb-0dab0d9562fb	CC85A_HUMAN	proxy	yes
6c53338d-f5fd-5ab1-a725-76d1fda90a70	CCD12_HUMAN	proxy	yes
812e11d9-57f4-5d16-8ec3-ac3c7081ff0f	CCD17_HUMAN	proxy	yes
6fc192e8-6a41-5bdc-9eea-7a19e4ed4d26	CCDC7_HUMAN	proxy	yes
d0094d14-05f2-5d5f-8d2b-6daa93505368	CCL16_HUMAN	proxy	yes
23eedbaf-7b7a-57b4-b855-13716d03d12d	CCL19_HUMAN	proxy	yes
3b79d64e-0337-5b2e-803e-30f7abaaaa64	CCL1_HUMAN	proxy	yes
a2d68c49-2aff-50a4-aa48-2a514fd571ed	CCL28_HUMAN	proxy	yes
d6d2dc86-c34c-5d7f-b685-7a38df207fc9	CD033_HUMAN	proxy	yes
86af27d0-fe58-5615-a03a-6e089327658d	CD050_HUMAN	proxy	yes
fedd1222-7075-5184-ae80-716408a38bc9	CD22_HUMAN	proxy	yes
f61ba8d0-7c47-5181-a471-df06ba2693ec	CD24_HUMAN	proxy	yes
e7ed138d-f699-59db-87af-e446f5b197b2	CD2AP_HUMAN	proxy	yes
eccd4570-9c54-5c5f-87ce-1111af897eb9	CD320_HUMAN	proxy	yes
183920ac-0b31-5078-9118-9d38353c790e	CD3CH_HUMAN	proxy	yes
d8227fb3-a91f-56f8-b383-3515bcbed76e	CD59_HUMAN	proxy	yes
d108f9e7-f209-5cd6-bd4f-1a508f4a57d6	CD69_HUMAN	proxy	yes
ad45828a-a802-5032-b425-0dd598cef714	CD70_HUMAN	proxy	yes
c912dbb0-9d17-5f7c-9db1-d701bd5b6821	CD7_HUMAN	proxy	yes
88f64052-bfda-5c63-87d3-fe684b1ad6c0	CDA7L_HUMAN	proxy	yes
286dbcb8-1113-5142-8074-47addb84cafe	CDC42_HUMAN	proxy	yes
f9882b84-8ba5-5c77-bc90-e72b044aa6c6	CDCA5_HUMAN	proxy	yes
9eff2d9f-e35f-54d5-94d1-e26aa9a8f504	CDK4_HUMAN	proxy	yes
1cce53b2-61d0-548c-8b69-e7b42c3741d0	CDK5_HUMAN	proxy	yes
c143eea3-98d8-5ee4-8887-fee7f11f1657	CDPF1_HUMAN	proxy	yes
e8fc9376-49f2-51d7-981e-6689cc5ac4ff	CE047_HUMAN	proxy	yes
815d1569-dec9-55fc-9250-a8285d06e82a	CEA16_HUMAN	proxy	yes
87dced82-dcb2-5dbe-a819-0b943abf455f	CEL_HUMAN	proxy	yes
0c8c9069-ebca-5c1d-8cbd-3561aed403ad	CENP1_HUMAN	proxy	yes
9849b91c-fad0-5281-92f0-10b11cd97170	CENPC_HUMAN	proxy	yes
5ccccdd1-b232-5cc2-9689-e1d0cf1fb04f	CENPT_HUMAN	proxy	yes
6974279e-4e09-56d8-b4ba-c8da03fcb120	CENPU_HUMAN	proxy	yes
f3719c6f-078f-5b8f-acbf-4d9e332ec4b9	CENPX_HUMAN	proxy	yes
a8ed9875-351b-58aa-872e-76a007219e82	CEP44_HUMAN	proxy	yes
93020211-adc4-559b-a283-a4456f51f737	CF136_HUMAN	proxy	yes
945dce9e-873b-5184-bfec-f97a53b54b2f	CF223_HUMAN	proxy	yes
f0fcb5c7-c5c0-5aba-abed-3d16dd430614	CF418_HUMAN	proxy	yes
92061b4b-f9a7-55b4-b8b6-6eec2be8a545	CFAH_HUMAN	proxy	yes
fad344aa-7e2f-58b9-9276-aaba17e9afc7	CH033_HUMAN	proxy	yes
2673ba66-3a33-5ed6-961b-fe9ebacd5d6f	CH048_HUMAN	proxy	yes
3588f21d-9a90-5be5-9fd6-bcf71acebd44	CHCH5_HUMAN	proxy	yes
331b25e6-52a7-5ca8-9809-1bbface92d13	CHDH_HUMAN	proxy	yes
400977f3-71e8-5c19-9fda-27d65c084762	CHMP6_HUMAN	proxy	yes
af85ba93-379d-539a-b214-417b30804c46	CHOLN_HUMAN	proxy	yes
f170aa60-5382-56b3-a2fb-b654897e1212	CI057_HUMAN	proxy	yes
059918f4-21a6-52e1-b428-b2e849b0ef5d	CIROP_HUMAN	proxy	yes
1146cde2-d4c1-577e-9037-657c529f4df8	CISD3_HUMAN	proxy	yes
5c9c03b1-bd77-52c4-9915-19f3c69c7caa	CIST1_HUMAN	proxy	yes
efb2f95d-95f9-51b0-9cf5-22fcfb62ee2e	CK042_HUMAN	proxy	yes
95b56924-4a6c-5039-a433-92f81b404cd0	CK096_HUMAN	proxy	yes
f74d4ef5-3fc4-59c1-90a5-dd1f105629d0	CKLF5_HUMAN	proxy	yes
14ae2534-4a98-58a5-a8b9-ab7fd207bc30	CKLF8_HUMAN	proxy	yes
2942f679-51c4-5705-ad46-27c46e416e5e	CL061_HUMAN	proxy	yes
992329dd-c10b-5b9a-8774-795cc19a8de0	CL12A_HUMAN	proxy	yes
573a6095-d3a6-5a99-9136-2ecd89a8740d	CL19A_HUMAN	proxy	yes
4a09bbb5-7a32-5879-a43f-70af953fc96f	CLBA1_HUMAN	proxy	yes
f77c28a6-717d-56de-bfeb-7ed6200c90f4	CLIC1_HUMAN	proxy	yes
abe7440d-a0e1-5129-8c2f-3298a7d55c0a	CLK1_HUMAN	proxy	yes
210fedef-ef81-54c9-a148-d179226e9d03	CMIP1_HUMAN	proxy	yes
35e1b17b-9675-5ec6-ae39-affd3592eb14	CNTRB_HUMAN	proxy	yes
cac0c903-37bd-54fa-b9a0-dd56b559430e	CO061_HUMAN	proxy	yes
e2cf8652-b99d-5d5a-b849-63a97b8395fa	COA1_HUMAN	proxy	yes
14505d04-a414-5424-b22c-845fcbe68675	COA6_HUMAN	proxy	yes
376ecbfa-937e-5796-a594-41d20e3d3b60	COA8_HUMAN	proxy	yes
d9260cd1-b999-5b17-8f66-b854d4745e04	COLL2_HUMAN	proxy	yes
0e1d838e-f2e6-51cd-831f-394bd65fe891	COX2_HUMAN	proxy	yes
80b81931-649d-52c5-9b94-0c36cd3020a5	COX3_HUMAN	proxy	yes
53002c10-30b5-5411-a06c-2f676370b348	COX5B_HUMAN	proxy	yes
5dd01918-d95a-5476-98f6-31ebbe01bc3f	COX7S_HUMAN	proxy	yes
cff243ca-eeaf-5b10-b43c-755a5cb9d7d4	CP074_HUMAN	proxy	yes
07a1262a-8302-52e3-b210-a858c345101a	CP078_HUMAN	proxy	yes
debe9992-409c-5911-b68e-60ccd19a8303	CP095_HUMAN	proxy	yes
07338cba-4155-5a2e-b6fc-c1a249eb5fd6	CP096_HUMAN	proxy	yes
e1bce2db-a8dd-57ff-a07c-b888bfb26a7f	CPNE1_HUMAN	proxy	yes
1c8b865a-046f-5feb-9241-d41a207a49f1	CQ050_HUMAN	proxy	yes
999d7e19-f6e4-51f8-8998-47fcb1780067	CQ114_HUMAN	proxy	yes
534b4e98-7a4f-54c9-9d3b-ee508c4fcdbe	CRBL2_HUMAN	proxy	yes
e8f35545-5b91-5874-b701-af1dd13cea4d	CREB3_HUMAN	proxy	yes
791056c5-9556-5aa5-8a9d-1ebdcdcdc95f	CRIP1_HUMAN	proxy	yes
3a2c79bf-1a19-522d-900e-d1060dfe023a	CRIS1_HUMAN	proxy	yes
1b06a45a-b3e4-5774-8b1d-bd51ec5aa6a8	CRLD1_HUMAN	proxy	yes
80c68415-669c-5e7b-a3da-683475e99055	CRNN_HUMAN	proxy	yes
64d7a33f-87bb-5a1c-8d1a-9e96b350cc5b	CRUM3_HUMAN	proxy	yes
63da79c1-60fe-5dca-90de-3024f6bdef83	CRYAA_HUMAN	proxy	yes
573ed9e0-8ae7-5aa4-bde0-c1229d1909b0	CS018_HUMAN	proxy	yes
cba07465-ace1-503c-8d27-8251b6e75e94	CS081_HUMAN	proxy	yes
bb6ae2fd-33cb-5df2-b837-a9a6323d22d2	CS084_HUMAN	proxy	yes
4e41c160-d838-513d-a2da-8b05b68bca2d	CT202_HUMAN	proxy	yes
8ad1f432-1910-5d5c-8e8b-f615911e0b1d	CT451_HUMAN	proxy	yes
ef5472a0-ce5b-5374-938f-72f4e32b90b2	CU058_HUMAN	proxy	yes
325fe98c-6796-55c7-a720-d6dd5e3f70b0	CUED1_HUMAN	proxy	yes
421cf1f7-96ed-53d2-b614-d527f4a155f5	CV024_HUMAN	proxy	yes
9fa5630c-27c6-553a-bf2a-082a91abef9d	CV039_HUMAN	proxy	yes
1155a9d1-be7f-5947-b9f3-3bd767e9fc8d	CWC22_HUMAN	proxy	yes
4b19276f-2c4f-5f29-bfea-10ac37c049b9	CX058_HUMAN	proxy	yes
d03652be-a7c4-5e01-a15b-10920a2308e1	CXL14_HUMAN	proxy	yes
f27fd6fe-0ca1-56fa-9fb9-56d20889887f	CYB_HUMAN	proxy	yes
82f3ec4b-321d-5670-b682-e087077f359a	CYLC2_HUMAN	proxy	yes
99519150-4f9c-5c96-90d1-3df6c2907f99	CYTL1_HUMAN	proxy	yes
e58b3f06-3b54-5c1b-b1cc-45a907b8327c	DAAF3_HUMAN	proxy	yes
bcd7602d-a1d7-5c3d-917a-7aeaeeed338c	DAAF6_HUMAN	proxy	yes
3de95ff1-38f4-5200-8c42-e11b117147ba	DAXX_HUMAN	proxy	yes
7b7bbbdb-f5d7-56ec-80de-c8ad8e31d757	DAZ1_HUMAN	proxy	yes
95dbc945-6b83-58ac-9c68-1290c2512cb5	DB115_HUMAN	proxy	yes
dfed4bd8-ecef-52fc-97a4-960c1310f3e9	DB116_HUMAN	proxy	yes
212b8549-bf6c-5843-8d90-1ad192cdf3c8	DBF4A_HUMAN	proxy	yes
5c977caf-be28-576f-a300-d7cd33ab31b8	DCUP_HUMAN	proxy	yes
330640b6-57a3-5bb7-bb36-ce9e06780262	DEND_HUMAN	proxy	yes
c69d4f7c-003a-52cc-8c3b-a3bde671d0d1	DESI1_HUMAN	proxy	yes
8decfef2-8278-5d91-b5b7-92edcffd4584	DHX58_HUMAN	proxy	yes
db9a9e0e-54d3-5a43-a059-e72b8a8111f3	DJC30_HUMAN	proxy	yes
01d1dcf3-bfe8-5322-a929-c3d5744ceb97	DLGP5_HUMAN	proxy	yes
fee5d735-4e73-535f-b811-c14a0e55eeab	DLK1_HUMAN	proxy	yes
8093f6b2-ffcf-5733-88cd-69a8861cd3c2	DNAS1_HUMAN	proxy	yes
5d603249-e55e-5e4f-a67e-11fb59bc8932	DNM3A_HUMAN	proxy	yes
5549e050-1a55-5287-ab7f-e9b65da0801b	DOK4_HUMAN	proxy	yes
eeb24967-1c86-5305-b290-8be7597116fe	DOK7_HUMAN	proxy	yes
de20ba5d-7e5d-50f3-83d0-e58e3524450d	DPPA5_HUMAN	proxy	yes
b7299bc3-c19e-536b-8b9c-4ac6799bc1cb	DPTOR_HUMAN	proxy	yes
ae10bfa2-e0f9-5c43-82da-cac19bedf4d2	DRC7_HUMAN	proxy	yes
0f8dedc2-3d69-5131-b23f-d53d2923985b	DRC8_HUMAN	proxy	yes
7a9ebb44-a23f-5748-9737-3f7359efb3aa	DRGX_HUMAN	proxy	yes
b6eca6cc-2ef3-5655-946e-abdee6c10cad	DSCR6_HUMAN	proxy	yes
d9a83a5c-31af-56a8-b436-a700c18f2d3d	DTX3_HUMAN	proxy	yes
64c1080b-18cf-529e-b62d-7d663b7948e7	DUTL_HUMAN	proxy	yes
d377d5c0-abf3-56f1-8d4d-8cc717df997d	DYNAP_HUMAN	proxy	yes
b6581a37-f90e-533a-9b4d-5654501ab580	DYR2_HUMAN	proxy	yes
a5939689-dca2-5de2-ab4b-8886faf17062	ECHD3_HUMAN	proxy	yes
4b64cd37-5c30-5b84-9b7a-5e149c67ff30	ECSCR_HUMAN	proxy	yes
5055730b-d81f-5b1c-9aff-47ae0f16bcba	EFC13_HUMAN	proxy	yes
4f5c4c61-6617-5c3e-8003-ceba3ce7fb08	EFHC1_HUMAN	proxy	yes
46a73dd7-26f2-51f1-85b6-50f5ec7461a8	EFMT1_HUMAN	proxy	yes
e3703f56-3210-5da9-925d-df88bccede10	EGFLA_HUMAN	proxy	yes
cee843f5-c2d5-5e36-9d70-278a93a60b4f	EI2BB_HUMAN	proxy	yes
6b2ddea4-368b-51d6-9c35-576b018bc399	EIF3I_HUMAN	proxy	yes
408da04a-beec-5b48-9ee1-60341400cffd	ELAF_HUMAN	proxy	yes
70c7a8fd-64d5-5ed5-ba57-d9f7229f65e1	EMC5_HUMAN	proxy	yes
8026b6dd-6a07-5e35-984f-d785c1a5bed5	EN113_HUMAN	proxy	yes
66883dd1-cd04-5a36-88e0-b9a61773ab1f	ENDOV_HUMAN	proxy	yes
db2e3cc6-20f6-56aa-85a1-eac7a3236b56	ENOL_HUMAN	proxy	yes
eb69637e-463d-5095-89f9-582a264dc47a	ENPLL_HUMAN	proxy	yes
c1719438-fbcc-5619-b6ae-0a6aab9a80bf	ENPP1_HUMAN	proxy	yes
9a6b0d1c-a1ff-5ba4-b2f1-c7f0b19dcc0d	ENR1_HUMAN	proxy	yes
52215712-d270-5c73-b82b-e140666e44c8	EPOP_HUMAN	proxy	yes
71424733-4a1e-58dd-93b8-94cd6ff06de5	ERIC2_HUMAN	proxy	yes
c48cd41d-0967-5ed9-be43-dc9f5d0a2f79	ETHE1_HUMAN	proxy	yes
cda97ead-5008-5ab9-b48e-2c6058144a01	ETV6_HUMAN	proxy	yes
3a7e34ae-ae80-5255-a82c-2b0fe80eed62	EVG1_HUMAN	proxy	yes
68becb83-4dea-59bb-99a4-d6dae8d4dd6e	EVL_HUMAN	proxy	yes
78200018-10f6-5f69-8a7e-f1cf7c724d71	F136A_HUMAN	proxy	yes
f4221fa2-1f98-55c4-a01b-50f154ea1fe5	F186A_HUMAN	proxy	yes
81b6e3ac-8101-54e2-a7bf-46b0316c5636	F187A_HUMAN	proxy	yes
f7712414-1be3-59d0-95d7-e6ee20f5ce4c	F200A_HUMAN	proxy	yes
ca94715d-3dd5-5653-b8fe-c6f3bcfb23e1	F210B_HUMAN	proxy	yes
556c9a88-4648-504d-bd72-d8041aba5966	F217B_HUMAN	proxy	yes
9b13f7e4-ddd4-5015-a55c-b0e53377caff	F243A_HUMAN	proxy	yes
23a28212-3315-5643-b37c-fa73a6b4cf92	FA10_HUMAN	proxy	yes
3e973ac2-3c17-5718-8b73-d626abd5a4aa	FA47A_HUMAN	proxy	yes
9f07aecd-9e9e-59b7-8c93-ebac68db16ac	FA76A_HUMAN	proxy	yes
26f4f3ee-f191-51df-9b06-2e165ae19d6a	FABP6_HUMAN	proxy	yes
b6161fdd-f5ed-5138-aa09-77f458e85971	FADD_HUMAN	proxy	yes
683b6232-9a53-5298-8fd5-d10a9ed89d78	FBLN7_HUMAN	proxy	yes
bb5eb6af-d06a-5972-b9be-53bec7bb4a29	FBX16_HUMAN	proxy	yes
adfc94b2-c386-5c2f-af8a-e5c96a0c80bc	FBX41_HUMAN	proxy	yes
3842ee63-83d7-5fd4-860c-32c224c2859b	FBX48_HUMAN	proxy	yes
aa5e777c-3095-5a37-a732-200eb421adfe	FCERA_HUMAN	proxy	yes
5e749a1c-ec40-5636-a698-08ff0b2458f8	FCGBP_HUMAN	proxy	yes
85fe7bbd-3417-5498-a535-848e225beba0	FCSD2_HUMAN	proxy	yes
bc0df569-e5b6-5c8c-83a3-5ae8fa3fa80a	FFAR1_HUMAN	proxy	yes
a0a3d963-f5d6-5e17-a905-1090326e0514	FILA2_HUMAN	proxy	yes
3e1a4e12-bb21-5fe7-94f2-0a426820eda8	FIMP_HUMAN	proxy	yes
8ab58855-d501-5a3e-9e65-268584322ca3	FKB1A_HUMAN	proxy	yes
f1776bc2-3c8c-533c-b74c-7225f93bd114	FKBP8_HUMAN	proxy	yes
91fa7f85-0d83-533c-8a90-0587bd5134c4	FLTOP_HUMAN	proxy	yes
1bbcb641-6042-5479-ac91-65b8fdeefd72	FRDA_HUMAN	proxy	yes
6a8aaba1-b000-5ea1-b920-b63d58a9879e	FSTL1_HUMAN	proxy	yes
8740d692-59cc-518e-9276-2bba2b532024	FSTL4_HUMAN	proxy	yes
237cda8b-2438-51d1-b209-765b6125450d	FXYD6_HUMAN	proxy	yes
32786d62-599f-5468-af19-f07df7faa924	G0S2_HUMAN	proxy	yes
f4486dfb-a68c-510e-9b64-6758d3de81d5	GA113_HUMAN	proxy	yes
5abfda8f-da41-5ab5-9e5c-9a051e0e4bc6	GA2L1_HUMAN	proxy	yes
86e8cbcb-f236-5ff0-bdf2-b6ce81189ded	GBA3_HUMAN	proxy	yes
0ed69ce6-cd78-5223-ac17-a6d1b029f568	GDC_HUMAN	proxy	yes
44792994-a826-58f9-b512-22ebfc116425	GDNF_HUMAN	proxy	yes
89badf57-a871-5b38-829c-93855f46833b	GHRL_HUMAN	proxy	yes
3f6c6d68-0ffa-5457-af29-6f9bf4cad69c	GIMA1_HUMAN	proxy	yes
665d337d-58c4-5be2-a8b6-e24075171f8b	GLPC_HUMAN	proxy	yes
319a84c3-3253-55a8-82e8-f41856687db2	GLRX2_HUMAN	proxy	yes
ef7b50c2-5330-5022-89b5-a07e38a774ec	GNAL_HUMAN	proxy	yes
077b477c-8a37-5d47-b9e1-27a00c12b576	GP157_HUMAN	proxy	yes
960428c2-b4cb-5c80-8f2b-3d2d2e11e28f	GP1BB_HUMAN	proxy	yes
279eb384-2e87-5e07-aaba-2f1d0937dd80	GRIFN_HUMAN	proxy	yes
a462bb20-48d6-5170-a0a8-74106a19191c	GRL1A_HUMAN	proxy	yes
bb3aa02f-0c84-500f-9e3b-15bbfd809ee4	GRN_HUMAN	proxy	yes
65af653c-4d79-55d5-b48d-3865a69e1fa4	GSC2_HUMAN	proxy	yes
aa79f718-414c-5dd0-a808-4f2ab641f040	GTSF1_HUMAN	proxy	yes
aae6639b-adad-58a1-b91a-d2e13a3bb6f7	GVQW3_HUMAN	proxy	yes
22af03e6-a934-5a7e-bc5d-9998a9b214a9	H31T_HUMAN	proxy	yes
58276894-6968-5a0e-a5db-021ba0712197	HABP2_HUMAN	proxy	yes
acb96bac-3cf6-58ba-9fe4-c9df376948be	HAUS8_HUMAN	proxy	yes
5cbc7cfb-a8b8-5387-89cf-ca438ac52387	HAVR1_HUMAN	proxy	yes
82fb2d01-518e-5bcd-8754-c67bec635773	HEAT9_HUMAN	proxy	yes
7dc1e112-9e75-5ebe-ab0b-2a5b7cd30611	HES3_HUMAN	proxy	yes
ba6f455e-398e-57c8-928a-19b7c4d34547	HJ01_HUMAN	proxy	yes
4552f1a3-7b23-5160-b913-0caab6c654e3	HMGA1_HUMAN	proxy	yes
6a0a1dc6-f426-5e0b-9f5a-23a5ff047fcd	HMGN2_HUMAN	proxy	yes
970e7616-a9b1-5bfd-8f86-39bff27dd69a	HNRL1_HUMAN	proxy	yes
e0b802c5-ba00-5c32-9f65-cc73ae96125b	HOP_HUMAN	proxy	yes
d5175bdd-aea9-5adc-b55f-b888e13edd35	HS12A_HUMAN	proxy	yes
4e7c7b7f-a759-5c2f-9dd9-b8b6dca754bc	HS2ST_HUMAN	proxy	yes
c45dd19e-378a-580b-b66d-52577c5c5793	HSBPL_HUMAN	proxy	yes
306111ab-9627-59a5-8e7b-0fbbaeea5a49	HSC20_HUMAN	proxy	yes
48474e74-133f-575a-ab55-050cfed3a162	HSP77_HUMAN	proxy	yes
6d910141-a6c9-5928-b999-529e0b96db53	HSPB9_HUMAN	proxy	yes
012a8674-b270-57f6-96c8-215a8b4deebb	HUNK_HUMAN	proxy	yes
aaa825e4-6433-56fb-8431-14350b156cf1	HXA2_HUMAN	proxy	yes
5a9c4593-3897-5a3d-b4e5-483d8826d07a	HYAL1_HUMAN	proxy	yes
b5c11f60-0232-5e1d-aa72-8b9d520976d5	HYAL3_HUMAN	proxy	yes
305e78ad-0028-50e5-b731-9b372360ee0e	HYPK_HUMAN	proxy	yes
5dbef9b1-4613-5937-84c6-9b8e339c003b	I18RA_HUMAN	proxy	yes
caf6ca92-d92d-5156-93e7-e7b931f125a9	I27L1_HUMAN	proxy	yes
bfefeac5-5e0a-5ab5-a83d-a684d31de6a8	IDD_HUMAN	proxy	yes
4a3ed480-7599-5b00-9a85-c56b9ca357aa	IF16_HUMAN	proxy	yes
8bf415f3-5b51-5b6c-beb3-b06328a71f78	IF5A1_HUMAN	proxy	yes
a31950fe-9a16-587b-9b7b-f3217b2e68e4	IF_HUMAN	proxy	yes
139a262d-2c4a-5580-9e9e-c7ae2d7b73b6	IGFL2_HUMAN	proxy	yes
992ca32d-2c22-5017-8ef5-833369f4ed18	IGKC_HUMAN	proxy	yes
59a7583e-e292-50b5-a1d1-eb518191d260	IIGP5_HUMAN	proxy	yes
0914601f-25d7-509a-923e-6200fad1cc75	IKBP1_HUMAN	proxy	yes
87b31061-50dd-579e-9c95-4e46d622b628	IKZF1_HUMAN	proxy	yes
4a0a8162-43be-59c8-a63a-32d84f0713f0	IL17B_HUMAN	proxy	yes
9a95d1dc-6ba6-57ab-9471-99d0a1a0909c	IL26_HUMAN	proxy	yes
16f6f7ee-141b-517c-9180-79b81785f60e	IL37_HUMAN	proxy	yes
274da702-ba05-5d86-b3bf-7b23fb44958a	IMPG1_HUMAN	proxy	yes
d4bb02b4-f933-5de9-b03c-43e2b67768c2	IMUP_HUMAN	proxy	yes
84b8a7d5-25a9-5493-bc3d-d4c2fe81566d	INSR2_HUMAN	proxy	yes
3dd1a461-b1a6-530b-8a18-9d285ab5046a	IPYR2_HUMAN	proxy	yes
a47674eb-890f-5beb-9ae7-c63f06fb58d8	IQCF3_HUMAN	proxy	yes
7d01e35b-fbde-53b4-ab0e-bf60da3b5912	IQCM_HUMAN	proxy	yes
a764757a-a574-5988-a5d7-2b1c3f28de2b	IQCN_HUMAN	proxy	yes
f4117e72-4965-5185-8e20-495c1ced00c2	IRAK4_HUMAN	proxy	yes
9ac58337-8696-5075-ad41-a3398e406a98	ISK14_HUMAN	proxy	yes
6d8c1882-6459-5bf1-8ebc-5d7dbe18b2af	ISX_HUMAN	proxy	yes
9c4b5597-2e24-5e30-8036-f0bc936caae6	IZUM2_HUMAN	proxy	yes
c5df0502-d710-56cf-bf27-e93ee0143310	JKIP1_HUMAN	proxy	yes
f291281b-d8aa-5638-aa5e-69584950dc90	JMJD8_HUMAN	proxy	yes
3061b95e-7abc-5e8b-877f-6577deb8796f	JUPI1_HUMAN	proxy	yes
00cf8b4e-65dc-5e6f-b478-a8c4dd747f9f	K0408_HUMAN	proxy	yes
a44bdb10-d80b-5510-982f-6ae9632823ec	K1586_HUMAN	proxy	yes
903d0b71-9493-5e4c-a046-8f8f480bf588	K2C78_HUMAN	proxy	yes
96e1fde9-ff02-5d9e-b260-c8cb5275fe87	KAD1_HUMAN	proxy	yes
8d7e8d2b-f432-5e76-8f67-6277f7751851	KBTB4_HUMAN	proxy	yes
8f13e6b8-6c30-56ec-a555-9b1fc4568c88	KCNE2_HUMAN	proxy	yes
60ac31a8-f60b-5396-83f2-5ba08a2002e2	KCP_HUMAN	proxy	yes
4e207236-25ac-5f7d-b9e7-6e701d811d22	KFA_HUMAN	proxy	yes
b3dfc712-42d4-58fd-a733-aa756e62f3a8	KHDC3_HUMAN	proxy	yes
6c6c2313-3f62-528d-bb74-a6405ef1bc99	KILIN_HUMAN	proxy	yes
eb853c98-a9f8-5dc9-8c68-6da446d794de	KLF1_HUMAN	proxy	yes
5a316c39-9eb4-5108-a074-0d340f401114	KR101_HUMAN	proxy	yes
82849d64-5732-5125-b5b8-39e442b05471	KR104_HUMAN	proxy	yes
952a34b2-abc0-5507-94c5-9643244e54b4	KR191_HUMAN	proxy	yes
6f303c89-1283-56f0-8950-86265c2944f3	KRA21_HUMAN	proxy	yes
5111bf5d-dc34-5151-ab3b-f08d1a079a32	KSYK_HUMAN	proxy	yes
d2da947d-64cd-5ea4-8f73-cb41cc0ea6bd	L37A1_HUMAN	proxy	yes
9740e08e-e051-5024-842d-ec64c5b5cf92	LAD1_HUMAN	proxy	yes
9699d4aa-0e27-549a-9f5e-b77a9d0ab941	LAT1L_HUMAN	proxy	yes
a3760511-a1a7-54fd-b302-826a48827cd9	LCFC1_HUMAN	proxy	yes
2e1e2ec4-2f54-51a9-82a9-50676f5f5ed9	LCN10_HUMAN	proxy	yes
a2f8d3cf-488b-56f7-a0b8-e8aaa371f4ac	LCN15_HUMAN	proxy	yes
8a354037-3a7f-5a71-9e3d-ef8289009cd1	LCN8_HUMAN	proxy	yes
bf655a5e-eff4-5e8b-97a8-bdc4f3a89957	LENEP_HUMAN	proxy	yes
bd41c6f4-d00c-59aa-85f5-f9d3a148172b	LERL1_HUMAN	proxy	yes
25b42632-5308-5aba-a5e3-01e17d5002ce	LG3BP_HUMAN	proxy	yes
6b6544a7-0c1d-52a2-a107-ed4c5f3b3707	LHPL7_HUMAN	proxy	yes
d193a3b4-924d-579d-be07-13ac0dd8192a	LIAT1_HUMAN	proxy	yes
1494bcca-b3c7-5506-ab7b-0a3007e23f1f	LITAD_HUMAN	proxy	yes
bcd97d37-c995-55ac-9edd-7a2c58b9885a	LMX1A_HUMAN	proxy	yes
a9dfbf47-f22b-5a6a-9d05-f19f2dd26ba3	LORF2_HUMAN	proxy	yes
4a0f0911-718d-556a-b6b1-c85388f659cb	LPXN_HUMAN	proxy	yes
571c8dee-1f4a-51c8-8cdd-9343c2acd8ed	LR74B_HUMAN	proxy	yes
6b179bd0-d3f7-5dd7-910b-7359dae97a58	LRAD1_HUMAN	proxy	yes
0ebd7305-5b7b-524b-aab3-2992775a6558	LRC38_HUMAN	proxy	yes
ccb401aa-083f-5752-9102-6ccbbe4132d9	LRC58_HUMAN	proxy	yes
404c208a-efd6-53b0-99bc-116c13cc33d9	LRCL1_HUMAN	proxy	yes
57ea8164-a4d9-5b73-a8a1-8e0e09946761	LRP11_HUMAN	proxy	yes
50392100-3feb-5edf-941d-f5d2b7b22dbe	LRP5L_HUMAN	proxy	yes
7d96aaf0-91fb-5e33-8312-35162bc750e9	LSM11_HUMAN	proxy	yes
eb701912-38e7-5538-b23b-f79c6de68560	LST1_HUMAN	proxy	yes
c5f095f6-be44-5b98-8b9d-fb92b95ef002	LTC4S_HUMAN	proxy	yes
08036ecf-d169-5bfd-801c-d3ab8b30c01d	LTO1_HUMAN	proxy	yes
eeef14db-897b-5e05-bb60-9415e2d81ccf	LUZP4_HUMAN	proxy	yes
edf201b7-8d58-59ae-a015-a38bde90cd6a	LUZP6_HUMAN	proxy	yes
4d85b084-8c51-544f-bf00-e1d2d0941e28	LYAM1_HUMAN	proxy	yes
70990ece-9654-50d7-b729-a3b34de70a4e	LYG1_HUMAN	proxy	yes
380aca5f-5927-5fe8-8f05-d6ead4fc13ff	LYPA1_HUMAN	proxy	yes
7a55d8a0-2500-5da7-b169-5353c0552e37	LYRM2_HUMAN	proxy	yes
e59aae51-1f4e-55e1-a3b0-dd9ae09c0867	M1BL1_HUMAN	proxy	yes
8acc8f97-32a3-5722-8d4b-b2cd4417cc9e	M21D2_HUMAN	proxy	yes
23fb7382-9c65-56a4-95c1-de8d82c4e0fe	MA13P_HUMAN	proxy	yes
cd6de621-39ef-5c9a-9fc6-ee0c3dee8416	MAEL_HUMAN	proxy	yes
e5e29989-3ae8-5a74-a34e-d4f2dc93876a	MAGF1_HUMAN	proxy	yes
915f33a0-66e8-5101-8c06-2130bea99290	MAJIN_HUMAN	proxy	yes
86fe4d32-9529-5364-a573-b68d9d35cdf6	MALR1_HUMAN	proxy	yes
e96a136d-dec2-5f26-b10e-593653e22b53	MARH2_HUMAN	proxy	yes
ef1270a7-89db-59f5-aa78-43fe7ad79a09	MB213_HUMAN	proxy	yes
0222ce60-38b7-5cb1-ab3d-903aa4f5ea78	MB214_HUMAN	proxy	yes
518d6f55-be08-50a7-9c67-59c9a88b829f	MBD6_HUMAN	proxy	yes
da344979-aae1-53cd-a07b-f8ed4b18a1f4	MBOA5_HUMAN	proxy	yes
f0d913d2-9bc3-5462-982b-3b79f490f38c	MCCD1_HUMAN	proxy	yes
b4bf22b0-5353-549f-8d37-7ef185676ec3	MCRI1_HUMAN	proxy	yes
66ac5de9-378d-57cf-9374-dde814f1b708	MCRS1_HUMAN	proxy	yes
203e7d2a-d07a-5e61-85db-06f5b878c2f7	MDM2_HUMAN	proxy	yes
87f010dd-7a0e-5f71-b4c3-14274a323c4a	MEGF9_HUMAN	proxy	yes
d4923ed0-3076-56e6-af30-7cab06a5dc1e	MET18_HUMAN	proxy	yes
85611889-e2cf-5717-a063-c4be2bb6d506	MET23_HUMAN	proxy	yes
84835f02-8dc5-518c-a6c6-768651be0793	MET24_HUMAN	proxy	yes
7748aa0a-a22c-525e-8f7f-69f345a00c64	MFI_HUMAN	proxy	yes
342ecdd3-b138-5dad-9878-52b51d3c519d	MICA1_HUMAN	proxy	yes
fc2e0a60-39f1-5ec6-ad06-e8fa9c492aee	MISP3_HUMAN	proxy	yes
5f4a3fb4-1611-5443-8924-898b6f79d39f	MIX23_HUMAN	proxy	yes
72ef3e51-1682-5a96-aa36-19d7e91765e0	MIXL1_HUMAN	proxy	yes
de52cf55-9959-588c-99f0-530d88bf827d	MK67I_HUMAN	proxy	yes
42d3eac4-3d50-5eb6-87e1-4223b793db77	MLN_HUMAN	proxy	yes
87212b7c-b695-5bb8-859e-cad5a3d3220d	MLP3A_HUMAN	proxy	yes
57d4f502-aa5a-54a7-90e4-a68ee4ddc90a	MLP3C_HUMAN	proxy	yes
21ec26c5-2247-5fd4-9841-52ad0129c907	MLX_HUMAN	proxy	yes
849d4750-ab68-5ea2-8f67-b1d2b629f0cb	MOK_HUMAN	proxy	yes
c5b1e821-cbde-5665-a2b9-97152993366e	MORN1_HUMAN	proxy	yes
2254f893-ebd4-5827-935c-05ea1e551161	MP17L_HUMAN	proxy	yes
744a41d1-6892-5447-83a7-2bbae2abd9ff	MRGRG_HUMAN	proxy	yes
2079153f-dd4f-5907-afdf-d1c198b17e52	MSH2_HUMAN	proxy	yes
1e4001f5-c93f-5070-bd36-95a9315a25df	MSLN_HUMAN	proxy	yes
8bd0719d-fd30-5362-b7b7-4c63cb676be3	MSPD1_HUMAN	proxy	yes
20133ffd-bf6d-57a6-a01c-97ca12216c00	MT1G_HUMAN	proxy	yes
f551b670-58aa-536c-be7a-5605fee2ebed	MTA1_HUMAN	proxy	yes
5ed512c0-7acb-5cff-b9b4-98e5b948d0d5	MTF2_HUMAN	proxy	yes
3e163103-dffb-5206-9b93-9fc1bf677d0d	MTL26_HUMAN	proxy	yes
03d6c89a-b35c-584d-a85e-0289eebe16d5	MTLN_HUMAN	proxy	yes
13d6f644-3c9b-5476-b45e-2f302b3c0fe8	MUC12_HUMAN	proxy	yes
686d018e-760b-5581-9b43-90d8cb1f4756	MUC16_HUMAN	proxy	yes
e690d922-b891-5f5c-a75d-8449c8bf288c	MUC1_HUMAN	proxy	yes
b5ec7b3a-206a-5588-a32d-63126b7836d3	MUC4_HUMAN	proxy	yes
d7c3e920-d91d-5df6-928e-2c90aade08e0	MYH16_HUMAN	proxy	yes
39abc96f-bb0b-5874-8777-ae558b01a578	MYP0_HUMAN	proxy	yes
93dd5189-c35e-50f6-b8ce-eb738210e272	N42L1_HUMAN	proxy	yes
fa27f917-b521-5b16-b2dd-6530134d856f	N42L2_HUMAN	proxy	yes
2e33a3e3-fab1-570a-bf84-11b026e3deca	NAA10_HUMAN	proxy	yes
7701f07a-6783-5661-b940-6e0e9c217bda	NAA80_HUMAN	proxy	yes
7de1fd35-de84-55b3-afc3-700ecd184593	NACA2_HUMAN	proxy	yes
2b791352-4dfc-5b24-9cc9-eec089974f85	NANO2_HUMAN	proxy	yes
75aa3aea-15ba-5ea5-9135-f4fd59933f96	NAT14_HUMAN	proxy	yes
2cf45d58-2f88-5e74-85d0-b394c2ccf911	NBL1_HUMAN	proxy	yes
c0775a9b-dd84-54e9-9f16-56df5457f82d	NBPF1_HUMAN	proxy	yes
7bfa2e68-e840-5f4e-83f0-953f388c4580	NCTR2_HUMAN	proxy	yes
7f5bb4a4-b497-529e-99c3-768a1914aedd	NDUA3_HUMAN	proxy	yes
b9fb9306-2d74-5a6a-99d3-2aa9a3ec8eae	NDUBB_HUMAN	proxy	yes
99c2849d-c057-5ffb-ae39-9d5994a9604f	NEIL2_HUMAN	proxy	yes
9c571c80-853d-5eb2-82d7-fa5d48163316	NELL1_HUMAN	proxy	yes
3c6937a6-8778-5f44-b427-2964d785be11	NET1_HUMAN	proxy	yes
1833f31a-8ff5-5def-b524-c5c7a99805fd	NEUL_HUMAN	proxy	yes
bdd0cbb4-e585-5f7f-8429-d6182cbc81b9	NGB_HUMAN	proxy	yes
b38e8045-147e-5b46-8355-4c32b27d5b0a	NGRN_HUMAN	proxy	yes
56b8453c-8f7d-54e4-b653-7627f55a465d	NHLC1_HUMAN	proxy	yes
d28a10c6-23b6-5953-aaa2-a4b61a5d8a37	NHLC4_HUMAN	proxy	yes
806cd6fb-1e45-56c8-8638-de25a1d2e477	NIBA3_HUMAN	proxy	yes
a568bc5c-950b-5965-a2b5-7a8a7afa3a94	NICOL_HUMAN	proxy	yes
b7d83edf-ec67-512a-bab7-a797a3b15e2e	NKG7_HUMAN	proxy	yes
71f1158c-c2d1-528b-a3b3-24741ad4d49c	NMNA1_HUMAN	proxy	yes
445843d7-cd94-59bb-9bcd-d5cd6e4d763a	NMU_HUMAN	proxy	yes
9574c495-81aa-506c-a115-c6aa685ac90f	NPDC1_HUMAN	proxy	yes
421b2b65-5bf8-5b6d-ab6c-34bacdd337c6	NR1D1_HUMAN	proxy	yes
24f59ef6-4e08-58f2-86f1-257918e9399a	NR3L1_HUMAN	proxy	yes
e8dbbbd9-bc8f-5794-8005-1414c78bc9b6	NRG4_HUMAN	proxy	yes
144eee69-be49-54d3-8a50-b550dd5c16a1	NRX1B_HUMAN	proxy	yes
3fde3ba0-e446-5091-8b08-6ea98298d8ec	NSA2_HUMAN	proxy	yes
187e8572-5a0c-5e86-b600-1fa9288209d1	NTF2_HUMAN	proxy	yes
41047cf0-92fd-5e74-ba03-d2466f5c13d6	NTM1A_HUMAN	proxy	yes
d629c81f-dc77-5155-936f-c8e9e77a8e0a	NU1M_HUMAN	proxy	yes
9f4c2977-f011-5b52-869b-3c255875632b	NU2M_HUMAN	proxy	yes
2d5ac8e3-f7c1-5c2b-b4a7-6d952f02ec89	NU3M_HUMAN	proxy	yes
d9803637-9bf3-592e-bba2-2df343621df2	NU4M_HUMAN	proxy	yes
d877d8e8-d860-5be4-b093-6c7950ef5984	NU5M_HUMAN	proxy	yes
b7e8dd00-1ae2-5c7c-bbeb-aa69b5231567	NU6M_HUMAN	proxy	yes
02a2df4f-3bed-558f-934c-5ee793d004f1	NXRD1_HUMAN	proxy	yes
28b9a2ac-d302-518f-bf10-36cfcd4f8caa	O10J1_HUMAN	proxy	yes
1b7e938d-9392-5d92-a594-3bd19d68622a	O56A1_HUMAN	proxy	yes
9326ec43-d13b-5d41-9043-acd7521e6694	OARD1_HUMAN	proxy	yes
90796414-fded-5fcd-89a8-dfa22b0d6048	OCC1_HUMAN	proxy	yes
6f62cd1e-3c7b-5b0a-b649-4371ee9c28d1	ODAD4_HUMAN	proxy	yes
f3916fed-3a3b-5b28-8887-e61ff5cb6107	ODBB_HUMAN	proxy	yes
d9b05ea5-2ba6-5c8e-b0f0-cce2a1820c4e	OLFL1_HUMAN	proxy	yes
9d2226b2-4f81-5097-9614-65c620b67b3a	OMA1_HUMAN	proxy	yes
6d6c5fee-10a2-5070-a370-887545c6c022	OMGP_HUMAN	proxy	yes
4ce431eb-1feb-5008-968a-770f100e4c18	OSTB_HUMAN	proxy	yes
3a9b5e0d-f2a5-5c06-8cc6-c54a5affe2bb	OSTM1_HUMAN	proxy	yes
ad8f5d3c-d16b-58ad-bb30-715284070d40	OTOGL_HUMAN	proxy	yes
a8670424-f615-5744-965a-eb1b7f5684df	OTULL_HUMAN	proxy	yes
39bc6bf8-65c4-5db4-9dde-c4657fe2d320	OVCH1_HUMAN	proxy	yes
2a5f4c33-9b6d-5d78-8b8f-a56d27f2fbed	OXLD1_HUMAN	proxy	yes
308055b2-fe08-5bd7-8a33-d53614c35c15	P12L1_HUMAN	proxy	yes
278a7d6c-8253-550c-a047-b5753a64b413	P20L1_HUMAN	proxy	yes
087b4b9a-b21d-5deb-9815-465f30cd0a6e	P2RX1_HUMAN	proxy	yes
fcefeba8-b2f9-5381-b544-942d1f04de5e	PA1B2_HUMAN	proxy	yes
65aa41ee-7a13-5c24-aede-edf0b09ebc67	PA21B_HUMAN	proxy	yes
1152780e-c5d6-5538-a003-2399d8d4a2f2	PACA_HUMAN	proxy	yes
aa2b88df-1443-552b-8502-b971055bba13	PAHO_HUMAN	proxy	yes
150b6fc7-e08f-5c36-b2f8-bc3c3547ed9e	PAI2B_HUMAN	proxy	yes
d463c9ec-e70b-5963-ac1e-a62efadf9b61	PAPD1_HUMAN	proxy	yes
0e666bc9-5d84-563a-96ce-db0b85f2e1fd	PAPOA_HUMAN	proxy	yes
149eb749-2edd-5d17-9a44-5b169021ce54	PAR14_HUMAN	proxy	yes
1faf165f-4f1c-5fd1-95bd-5a8b4e3aebfa	PCDC1_HUMAN	proxy	yes
6137e17f-2a07-5c02-8828-79b81d7aca0f	PCMD1_HUMAN	proxy	yes
7f61889b-cd48-5011-b5b3-c9e0eb5d7abb	PCP2_HUMAN	proxy	yes
b7341184-4b2c-552b-ba9b-5eb80ed4156c	PDCL2_HUMAN	proxy	yes
d66ee5fc-f7a8-5352-bbed-1307acaec0f0	PDE6D_HUMAN	proxy	yes
61c94c2b-254f-5ca6-a2e0-8f66b68a73be	PDIA5_HUMAN	proxy	yes
456704bc-f8c2-57a7-be7f-700c042042b4	PDZ11_HUMAN	proxy	yes
45f3878d-0563-5f78-a7e7-c27c02435a78	PDZD7_HUMAN	proxy	yes
6b9f6386-5985-56ec-88a7-8331aee9ad7d	PDZD9_HUMAN	proxy	yes
02e0e7d9-26a1-5680-968b-c2a522dfb2e6	PED1A_HUMAN	proxy	yes
196f11c4-defa-5fe0-aa41-96b410d929a2	PEG10_HUMAN	proxy	yes
8a236dd4-703d-5ddd-a9cf-ffad215f1450	PERP_HUMAN	proxy	yes
1f9c5cfb-1b96-5a2f-b1a3-b5c9212a98b3	PEX10_HUMAN	proxy	yes
37faa703-af8f-51b4-8a6d-13574165c8cf	PHF10_HUMAN	proxy	yes
89961e3a-f90e-5494-8510-4ee7685f11fd	PHF6_HUMAN	proxy	yes
7327294f-ab61-5972-8614-48338929d98f	PHP14_HUMAN	proxy	yes
8afb6338-f18d-5b18-a7b2-288cadd5f472	PHS2_HUMAN	proxy	yes
2e24603c-180c-543b-85b6-1670a9831b54	PIGL_HUMAN	proxy	yes
71768ca2-f726-5695-a155-b757cb28fadd	PIN1_HUMAN	proxy	yes
5d5a7d7a-fc16-5a72-80f3-b26b99e137d1	PINX1_HUMAN	proxy	yes
ca566076-d66f-5e50-beb8-b105494a831c	PIOS1_HUMAN	proxy	yes
93a76d6c-a215-5dfa-a1b9-4e2fb421af21	PIPSL_HUMAN	proxy	yes
03c2bce3-67b4-54ed-ba2c-4e76ef480fb4	PLAC9_HUMAN	proxy	yes
7de33cee-8506-5ce9-8085-b980c6ebc558	PLAG1_HUMAN	proxy	yes
aa594d3f-8340-5594-abed-358baa9637d3	PLGF_HUMAN	proxy	yes
c0d22a4d-7e68-5c1d-8723-b6f85030e410	PLIN2_HUMAN	proxy	yes
9d250603-8758-56d2-a9fe-b50c5f80e5fe	PLRKT_HUMAN	proxy	yes
35a0f60e-1ff0-5d9b-b41d-579bdb4d2e7e	PM2P1_HUMAN	proxy	yes
7a0fb691-6f39-5dc2-ab68-da5896dae9e8	PMYT1_HUMAN	proxy	yes
652aba5c-61ba-563a-9a38-0b895495de0a	POPD1_HUMAN	proxy	yes
1592e60e-7f6c-5195-8df6-b3acc8efdb07	PORIM_HUMAN	proxy	yes
50daca3e-30dd-5f12-9946-c3bd9d0e0a51	PP1R8_HUMAN	proxy	yes
3b9444ae-f77f-597e-8f02-0d2e5f81c1b0	PPCS_HUMAN	proxy	yes
8e294af1-6717-5635-ba48-56d92402faf6	PPR3D_HUMAN	proxy	yes
c4633be8-62ad-5844-804c-a33849d1d4c3	PRAX_HUMAN	proxy	yes
8fb4acae-2987-5320-bf9e-b6fee5803e66	PRD12_HUMAN	proxy	yes
9a6af3b1-1a83-59ce-9316-4356dfc19d91	PRG2_HUMAN	proxy	yes
e6447153-76a8-57a6-b976-4c097f244987	PROB1_HUMAN	proxy	yes
b3c09e0a-9aa6-5660-8c03-19f43134e2ec	PROP_HUMAN	proxy	yes
05e04dfc-706b-58b7-a804-85c84c31f603	PRR13_HUMAN	proxy	yes
aff92353-3102-5884-a37c-795cbfdce7ad	PRR19_HUMAN	proxy	yes
15055073-39ab-5384-9e16-fb4156414ffa	PRR27_HUMAN	proxy	yes
cd42ed4f-513f-5df3-b788-c61ebebe35ca	PRT1B_HUMAN	proxy	yes
e05ef0d7-e7aa-5f14-918a-cf0350b8f82a	PSD10_HUMAN	proxy	yes
a2c2ad0a-e253-58db-b33c-04ca8bf90f7a	PSMG4_HUMAN	proxy	yes
cb37672d-a0b0-5649-9500-aebcb21598fe	PSPC_HUMAN	proxy	yes
514ab02d-d5cc-5538-9403-a252a8ac5df5	PTRD1_HUMAN	proxy	yes
dbbd904e-b64d-5cf7-a776-5c20ccef4993	PTSS1_HUMAN	proxy	yes
bbb0c77d-5cbb-5cf0-980e-08c7da38be2c	PTTG_HUMAN	proxy	yes
60090b29-2bd1-5187-904e-88d59123227e	PUR6_HUMAN	proxy	yes
eed25e91-b35e-5647-b6ff-81327d1187b5	PUS3_HUMAN	proxy	yes
ee119de2-7595-56e8-895b-39e6201f5754	PUSL1_HUMAN	proxy	yes
76908c51-e839-5b19-a67e-b55a09c32065	PXT1_HUMAN	proxy	yes
89d46b86-31ad-563b-aa04-160e206fcb4c	PYY3_HUMAN	proxy	yes
157a17c6-b11a-5ed2-9508-1d6033443f64	QCR9_HUMAN	proxy	yes
b3644234-838a-524e-aba8-d374fdc44499	R3HC1_HUMAN	proxy	yes
b81adc21-eb64-58ae-8440-80cfcd976687	RAB19_HUMAN	proxy	yes
5e880f12-4f00-5790-9be1-af21966d49db	RAB2A_HUMAN	proxy	yes
85711a7f-08bb-52ed-9ff9-d1d1fbde8a34	RAB41_HUMAN	proxy	yes
86ba8530-5022-53bc-b8fa-b79d1333570f	RACK1_HUMAN	proxy	yes
75386318-a75f-54c2-bb29-9577f325416c	RAD18_HUMAN	proxy	yes
e25618cb-ddb3-5746-af97-d296db683c05	RAD52_HUMAN	proxy	yes
fb6c5578-122d-54cc-9519-5f595fe62a52	RAMAC_HUMAN	proxy	yes
db273f4f-d860-59fc-9d80-cdec17f7d6d4	RAMP1_HUMAN	proxy	yes
e71faa00-233a-5159-9261-bbced98e2a10	RANG_HUMAN	proxy	yes
043987d1-db34-58ae-ac28-ea1acc73c655	RAPSN_HUMAN	proxy	yes
2c7a33ac-61b0-5315-b14b-d1b597dabf56	RASF1_HUMAN	proxy	yes
537b854c-60f8-5dde-9a71-3e8097b8ea81	RAVR1_HUMAN	proxy	yes
2505b2d2-4004-5f36-9f52-64d58e90f6e2	RBFA_HUMAN	proxy	yes
e5e0916f-a04e-5a3e-98d1-223fa0d8196f	RBM18_HUMAN	proxy	yes
6469fc9e-c3ee-5552-854c-d744aef4866d	RBM4B_HUMAN	proxy	yes
86618b00-c08b-50fe-9395-533229a59ee9	RCAS1_HUMAN	proxy	yes
4a74affb-e7f0-51cd-892b-838adee33400	RCC1_HUMAN	proxy	yes
3225f42a-c0b4-5808-8e51-3220e0bf7d6b	REEP1_HUMAN	proxy	yes
da40c5eb-4d6b-5e97-abaa-f76e3f90b20f	REG4_HUMAN	proxy	yes
656cc14d-8299-5273-91b2-364b6b8f2a64	REN3A_HUMAN	proxy	yes
9aef4e7c-db0e-5a16-8da1-33d2913f7793	RETNB_HUMAN	proxy	yes
a965992d-6892-547a-8e9f-a037b494c2ae	RFA3_HUMAN	proxy	yes
c024b9c1-11bc-5996-ba89-3dd6e16b64cf	RFX5_HUMAN	proxy	yes
93f9f037-9701-586e-b712-3e3901204fe3	RGDSR_HUMAN	proxy	yes
43866e34-fabf-5e07-8a8a-08cc9a27f6b9	RGS13_HUMAN	proxy	yes
39369ea7-f775-5daa-abf8-233cf0d6b8a3	RIAD1_HUMAN	proxy	yes
847b2ba8-816d-5312-ae40-edcf7223a161	RIPK2_HUMAN	proxy	yes
152c00e4-0443-599a-8650-d6063270a2e1	RIPK3_HUMAN	proxy	yes
736fa350-21ef-5509-a915-00bb9ff42424	RL17_HUMAN	proxy	yes
b9a896a1-a1d4-5691-9e2f-fb9c156d01a9	RL23A_HUMAN	proxy	yes
160709ef-1d88-5185-a62b-9c6ca1c6543d	RL26L_HUMAN	proxy	yes
87549d99-a499-5d9f-82e6-d544af883db1	RM17_HUMAN	proxy	yes
bf98e19b-6109-52c2-b158-e9a08a66be78	RM30_HUMAN	proxy	yes
a80a0b47-58ea-5197-9769-0078f47a1643	RM44_HUMAN	proxy	yes
7ca7be8b-03de-5ceb-8b78-22459d1e45bf	RM55_HUMAN	proxy	yes
dcd0528e-5711-5868-979b-edda078678cb	RN122_HUMAN	proxy	yes
3e3e8d82-806d-59c1-abdd-158a3366978e	RN152_HUMAN	proxy	yes
38f12c34-eec3-5460-972c-e5de4e79dfcb	RN182_HUMAN	proxy	yes
3674329d-1e9b-5e15-91a5-94213e7a10da	RN185_HUMAN	proxy	yes
4226fbf6-56f8-5481-bb21-1e13036a6f17	RN207_HUMAN	proxy	yes
26f3f838-838f-517c-9d1e-0e42303155e0	RN222_HUMAN	proxy	yes
c1b4b72e-6d65-5b17-9af0-ff7242f4326f	RNF25_HUMAN	proxy	yes
a89babc0-2fd9-5d79-8bee-b9c6c7fed9f2	RNF31_HUMAN	proxy	yes
cfd09ccb-ea9c-55f6-8645-77b1a250963e	RNF38_HUMAN	proxy	yes
bdd7a1db-84a1-505a-832f-4e5d98755279	RNF4_HUMAN	proxy	yes
c0acaad0-c912-5caf-81c6-ef4de1902605	RNF8_HUMAN	proxy	yes
e7bf8ec2-1df5-5224-a73b-b58a64245e6c	RNH1_HUMAN	proxy	yes
dfe11460-c891-5875-b64a-5eabcf7f22a1	RPC22_HUMAN	proxy	yes
038725b2-d461-5840-968e-2c52a8fb95ee	RPH3L_HUMAN	proxy	yes
4dbb6ea9-2d1e-58d3-a102-7e06876130a0	RPR1A_HUMAN	proxy	yes
d37e8ee7-2bef-55f5-ae3d-9f7abff513a2	RPTN_HUMAN	proxy	yes
62032715-fe51-55a7-8263-9728418ac3d2	RS18_HUMAN	proxy	yes
6d2119df-9be9-5a48-a295-1988a69a0f31	RS27L_HUMAN	proxy	yes
36caf9c5-3506-53aa-8fb2-cb15f1308d88	RSF1_HUMAN	proxy	yes
783be848-b892-5d83-9900-9aed0dbce6ec	RT10_HUMAN	proxy	yes
14161d25-2dac-526c-8d79-fba42bcf03bd	RT16_HUMAN	proxy	yes
3ae511b4-8560-541f-b494-cd6670d10fb6	RT24_HUMAN	proxy	yes
5095f859-fec4-54cc-8599-6989965ff4e1	RT31_HUMAN	proxy	yes
30256167-7ee5-56f9-a6ed-e71b239563ba	RTF2_HUMAN	proxy	yes
579d2674-f2ab-5a5c-b3e7-6d5e0fb2bffc	RTN1_HUMAN	proxy	yes
d4996e38-5f78-53fd-87b0-27584fb3b660	RTP1_HUMAN	proxy	yes
85688b1b-38a4-5749-a625-a2ad3e766329	RUSD4_HUMAN	proxy	yes
c4551045-d122-57a9-bb4d-5d738e1e5991	RUXGL_HUMAN	proxy	yes
8dbfca3a-1d15-5e06-a21c-e05d9214b0b7	RWDD1_HUMAN	proxy	yes
c464c653-f838-51e0-9ed1-6c8915a34cd3	RWDD4_HUMAN	proxy	yes
2ba960b3-dfe0-5d2a-b58d-3d749c0332e6	RXLT1_HUMAN	proxy	yes
ed386f94-e43b-5163-ad8a-9e24b05129fc	S10A3_HUMAN	proxy	yes
ef94aab4-c309-5ef8-b9a2-9b9fa9861552	S10AD_HUMAN	proxy	yes
5df565ad-7503-521f-9404-665813ee5e7f	S17A9_HUMAN	proxy	yes
89383bff-a325-564f-b8d0-59d0c8cbf8fa	S31A1_HUMAN	proxy	yes
24f52a23-c6b1-5e12-99d7-ce65a87b1d5d	S31H1_HUMAN	proxy	yes
dddbd876-c29a-55b0-9397-f1e055ef1065	S39AD_HUMAN	proxy	yes
da8867b6-f6a0-5d1e-84f2-17fe06eb4039	S66A2_HUMAN	proxy	yes
bd0dfb80-1b02-5bd1-a61b-09d339541763	S6A16_HUMAN	proxy	yes
91396404-5343-5abb-9e8d-9808d63b9a7b	SAP25_HUMAN	proxy	yes
cc1f11ae-9d28-5d82-b0ac-0783f652db7b	SAP3_HUMAN	proxy	yes
462368e1-3965-56fa-b15b-b0c91c66a845	SAPC2_HUMAN	proxy	yes
b9080180-d270-5179-b268-03b7fb1fc53a	SAPL1_HUMAN	proxy	yes
bc3c72f8-3a23-54de-b08f-dcb31a2f85e6	SAV1_HUMAN	proxy	yes
4b0842b9-8203-583a-b143-59816c0e88c0	SCND2_HUMAN	proxy	yes
80bd69a4-96d8-5bac-930d-63b9e1385c0d	SDC2_HUMAN	proxy	yes
46296197-5105-59c0-9fa3-2fb04fbfa79f	SDHF1_HUMAN	proxy	yes
cb837f61-0eae-59a8-86bd-e42235a73de0	SEH1_HUMAN	proxy	yes
ab3eadcb-8c7e-5032-a1d5-515b7716f1a5	SERF1_HUMAN	proxy	yes
a63326eb-4482-51c2-af35-e43f4f9402ed	SESD1_HUMAN	proxy	yes
e6064853-7075-53b8-baea-2fd6f41f983a	SETMR_HUMAN	proxy	yes
57563256-922f-5eac-98f2-4a79b82dbb29	SFT2A_HUMAN	proxy	yes
1b1353be-57c5-5779-a4f4-c062d1aefecc	SG11A_HUMAN	proxy	yes
d464b164-eb5a-530a-bb33-6d1d236b7916	SG1C1_HUMAN	proxy	yes
9925b31a-b893-58ba-b9d1-ec9faa3676c6	SG1D1_HUMAN	proxy	yes
6c7d79ad-3aeb-50c1-a0eb-89f2a7fe2441	SG3A1_HUMAN	proxy	yes
3d072ce2-307c-5a76-a205-98f074711b4a	SH319_HUMAN	proxy	yes
762bf95c-66d2-5c29-8f71-d734a5c6d038	SH3BG_HUMAN	proxy	yes
c0e5c540-c195-53a4-b6c2-61d1b521b219	SH3Y1_HUMAN	proxy	yes
23758d42-ca2f-5747-ae71-757412d9b3a1	SIGL1_HUMAN	proxy	yes
48bbafee-c213-5dfe-bd37-be5010d3982c	SIM11_HUMAN	proxy	yes
2d035a6d-2bdc-5a9c-8ccd-5be066f5b79e	SIM22_HUMAN	proxy	yes
52425c84-4ddb-5106-81d9-c83d0e376c76	SIM40_HUMAN	proxy	yes
3c2b09ae-e5dc-53a3-9e66-a3e130d9f2a0	SIM41_HUMAN	proxy	yes
ecc2a7a9-2297-5689-9109-1a39e3a6e457	SIR3_HUMAN	proxy	yes
f9c4ead4-0df2-58fb-9522-4fbbf17527d8	SIR5_HUMAN	proxy	yes
0090c8b5-61cb-5767-864c-a49d5870efe5	SIR7_HUMAN	proxy	yes
ba3478e8-79a4-5988-8b41-278f9b544022	SLAP2_HUMAN	proxy	yes
5e42f13b-de01-5914-8d68-2c0f3d559a24	SLBP_HUMAN	proxy	yes
7fe77a14-d405-5334-8d93-7a2863628bbc	SLIP_HUMAN	proxy	yes
1aa081c5-b715-562e-ac43-a041547f5c06	SLIRP_HUMAN	proxy	yes
4149a519-e5dc-5cf7-bec1-1b25b864d1f8	SMAGP_HUMAN	proxy	yes
ea02296b-a47b-5cbb-ada9-0ea807c3b515	SMCE1_HUMAN	proxy	yes
38aa0983-6789-5f72-9c16-56bc87748a7a	SMIM2_HUMAN	proxy	yes
6a32752b-5e74-5ce6-b4ad-3054d152a5ad	SMIM3_HUMAN	proxy	yes
93616e03-591f-533d-87a0-94a25bfe0de7	SMIM5_HUMAN	proxy	yes
e4181d37-fc17-59aa-93b3-e001285cdcec	SMIP1_HUMAN	proxy	yes
fa3e7c6d-e52e-51a3-ae5f-dbee438d7f8f	SMKR1_HUMAN	proxy	yes
ef0f5fe0-f486-5d21-a3cd-3b5b547d4630	SMLR1_HUMAN	proxy	yes
159c7465-8181-5997-939e-0d8cc3da5c29	SMTL1_HUMAN	proxy	yes
c3d9b254-1f8e-597a-b633-a59ad8136b8c	SMUG1_HUMAN	proxy	yes
5a097e01-badd-5c3e-9547-df29bd8ddf5d	SNP29_HUMAN	proxy	yes
5ac6f2f9-7e55-51ad-9c4e-d84569c7b1b7	SNPC1_HUMAN	proxy	yes
3e6450b9-f2ba-52d2-83d7-59da3e854a8d	SNUFL_HUMAN	proxy	yes
5124a6a9-1664-5117-854b-9cb051a8fc29	SOCS7_HUMAN	proxy	yes
e38fdae4-c8f2-561e-8893-c18b97de2d1a	SOSSC_HUMAN	proxy	yes
2d6d2278-4df9-59ec-87b8-466fbbb3538b	SP201_HUMAN	proxy	yes
c66a6705-992c-5cd7-ba65-762381e2ba19	SP5_HUMAN	proxy	yes
465b9946-371f-53ed-bc1e-69dd22dfad23	SPAT7_HUMAN	proxy	yes
3314fed5-07ad-538f-9447-927b7c01468f	SPC1L_HUMAN	proxy	yes
d803c750-03e7-587c-a203-75b34215ef04	SPCS2_HUMAN	proxy	yes
cfd6fe0e-2fd1-5eaa-a72d-730d14920c2f	SPEF1_HUMAN	proxy	yes
33f38dd9-8336-53b7-9106-42c16eae2014	SPEGN_HUMAN	proxy	yes
19315bbb-e5ba-5c43-8ab6-940cc92c2d31	SPN1_HUMAN	proxy	yes
0c34227a-a9cc-58b4-96a0-94c90c8cc180	SRA1_HUMAN	proxy	yes
7e8b4cd0-fedd-517d-9ca6-8e41a7a76a8a	SRALN_HUMAN	proxy	yes
d9ace3bf-ed80-54ae-bc80-d2b5ca13b80e	SRARP_HUMAN	proxy	yes
7ea6743d-d583-55e9-849a-48ebd13f447c	SRBS2_HUMAN	proxy	yes
6a616c95-943f-52ef-9132-c4afc1023ddb	SRPRB_HUMAN	proxy	yes
95da4793-b852-5c95-962c-8ed2250f6437	SRPX2_HUMAN	proxy	yes
5b47fe12-aa9e-5b36-a0d4-822a1e135638	SSX1_HUMAN	proxy	yes
24273d8f-6d5e-53dd-881f-dc492037d021	ST32A_HUMAN	proxy	yes
1c040a0d-2bc5-5d0f-ac37-c1ae9b05435d	STAC2_HUMAN	proxy	yes
055d1203-91f9-5d7a-8b99-f403aaf6344f	STIMA_HUMAN	proxy	yes
b6d80e47-559e-5be2-b4cf-a07202ff99c1	STMP1_HUMAN	proxy	yes
be0b36c9-257a-53bb-a948-c7f7e62f3088	STON1_HUMAN	proxy	yes
f6d68845-fe56-5191-bb4b-21d194880352	STUM_HUMAN	proxy	yes
a998a732-2225-5e7d-9044-fda943e57119	STX12_HUMAN	proxy	yes
a7ef6ede-4169-54d4-9749-a650efb00998	SVBP_HUMAN	proxy	yes
00aec788-140e-509b-85cb-a4351083ed0c	SVIL_HUMAN	proxy	yes
336a5a88-427f-5b82-b6c6-3bab73c294b5	SYCE3_HUMAN	proxy	yes
6e622237-29f4-5cbb-a709-07f200506697	SYTL1_HUMAN	proxy	yes
c4f1c5c8-9465-5ed6-83f4-51affa93c7e9	T10B_HUMAN	proxy	yes
b3ad8dae-b0e4-589a-bbec-578eaa396818	T238L_HUMAN	proxy	yes
81ec798b-3b51-590e-b32e-9112e5056fae	T2FB_HUMAN	proxy	yes
2a5b8a00-22d4-58bc-b4c0-05ea15ad7211	TACC1_HUMAN	proxy	yes
fa32cb93-5521-527a-9af6-3cca48ebc40c	TAF1D_HUMAN	proxy	yes
6f03bd2c-0429-5879-9a66-c290ec8a4914	TAF6_HUMAN	proxy	yes
8f99f9a3-b1b6-50d4-923b-3d5172e5ae31	TAFA3_HUMAN	proxy	yes
2e12add3-c182-5e9a-b6e1-d593ea0f2064	TASOR_HUMAN	proxy	yes
b99fe716-982f-522a-8206-0bd5d3d95bb9	TBB1_HUMAN	proxy	yes
de476d3d-f834-547b-b68a-2cc1f0edb43e	TBC16_HUMAN	proxy	yes
6fcc928a-f844-50db-b2f8-61a00abcf2e6	TBCB_HUMAN	proxy	yes
8b61cbe4-89a0-5a8c-83b3-36a27d608b71	TCAB1_HUMAN	proxy	yes
1b28e3f9-f976-5b7a-987c-62d14470ba30	TCAM2_HUMAN	proxy	yes
8232c92b-67dc-5bfe-8568-b01d7345bc4d	TCIM_HUMAN	proxy	yes
4c7b656f-b57f-53ab-9ea6-d979696e5f47	TCP4_HUMAN	proxy	yes
4c6347d8-b740-507c-8304-bcb1b191880f	TDIF1_HUMAN	proxy	yes
966c5ff7-158e-5841-9b36-d53236aafb57	TDRP_HUMAN	proxy	yes
0ff13473-6bd8-5cc3-acbd-4cc66ed60f3f	TE2IP_HUMAN	proxy	yes
64a3f818-438c-5de1-a1b8-228b37bd8535	TERB2_HUMAN	proxy	yes
79915de0-b2e2-5510-a3d2-742a14b2a291	TESK1_HUMAN	proxy	yes
77b1158f-10be-57a1-b8e8-7cb08132b8ea	TEX29_HUMAN	proxy	yes
b3ae8f23-2e34-5c7b-bd8f-566ee25af8eb	TEX51_HUMAN	proxy	yes
1ac8ead3-fc07-53cd-8636-0a5daac9d26a	TEX54_HUMAN	proxy	yes
dbd2fb50-c243-506b-862a-bba88e4b6f6d	TFAM_HUMAN	proxy	yes
23afd681-1f81-52cf-a187-0b25597b0436	TFF1_HUMAN	proxy	yes
5cc27bd8-a3ce-574c-96de-d72fcfcf6d9b	TGFA_HUMAN	proxy	yes
794f3908-dd55-50b9-a8e4-2206e59d8f78	THA10_HUMAN	proxy	yes
54281f21-f08a-5131-8b0a-f2af6a7f3956	THAP6_HUMAN	proxy	yes
ac41e2b4-dcd0-5c29-90d8-fbe9773f8304	THIO_HUMAN	proxy	yes
7cd24a34-404b-571a-aa78-841d0281ae06	THOC6_HUMAN	proxy	yes
f24973cf-6f00-5a11-84b5-fe9b9e7b6d2f	THTPA_HUMAN	proxy	yes
82d8fa06-1464-5a75-a773-b07c75e23ebb	TIF1B_HUMAN	proxy	yes
555b5037-5a9a-5295-b6eb-b7a9cece534e	TIGD3_HUMAN	proxy	yes
24a5e50e-a67a-5a41-a1c7-8fc6611b6c3e	TIRAP_HUMAN	proxy	yes
697d65a8-d252-54cd-8dc6-4a755e8e3344	TJA31_HUMAN	proxy	yes
1dccb659-f29d-59b4-8268-8bf9fab1cdaa	TKN4_HUMAN	proxy	yes
083102bb-455f-5cc4-ae19-23984b420ce4	TLR8_HUMAN	proxy	yes
77818e25-d129-5521-843b-f76a59a011fd	TLX1_HUMAN	proxy	yes
91b9ab5b-80de-5396-b1ef-f406e51b02cc	TM141_HUMAN	proxy	yes
1ac2e505-053b-5fca-9e34-81f4aec9daec	TM222_HUMAN	proxy	yes
9bd68d78-2d26-5010-a6f7-1da6dd6d8456	TM235_HUMAN	proxy	yes
82cbaba1-de15-5130-b7d8-c8672b2d4492	TM240_HUMAN	proxy	yes
c06aa238-4063-5774-9152-996528181527	TM243_HUMAN	proxy	yes
0cc34466-6462-5eda-adf8-95f500cb60b2	TM250_HUMAN	proxy	yes
1250ff95-e25e-53b5-a869-da2e574826b7	TM256_HUMAN	proxy	yes
9abbc077-7b14-5ff3-84cf-c5818d3b37f0	TM273_HUMAN	proxy	yes
6e02c264-9da0-55d8-88c9-c2e4fc10c89e	TM278_HUMAN	proxy	yes
af7a29cf-5129-5207-bec5-e6ba48bdd9c1	TM35B_HUMAN	proxy	yes
81e439a1-fd6b-5d66-9337-4df861d3e8dc	TM52B_HUMAN	proxy	yes
1bd9fefb-85df-5572-8c8d-0ca596489ced	TMED4_HUMAN	proxy	yes
80c4fba0-cd8e-5e59-919c-d3ca4dc72536	TMM18_HUMAN	proxy	yes
e65f89e2-6bcd-524c-baa1-fcb6c801c26d	TMM26_HUMAN	proxy	yes
67cddfcc-b467-5a5c-83b3-7878314a52be	TNFL4_HUMAN	proxy	yes
7ff4012e-d845-5323-b6c4-289dadb06545	TNNI1_HUMAN	proxy	yes
c1e36a5e-e61b-5284-8157-ff6a726efc5d	TNR12_HUMAN	proxy	yes
100de0ab-b39d-55f8-9d23-5bc77bc6a58d	TOM22_HUMAN	proxy	yes
a544d2e9-018a-567d-a8b3-2769e6310804	TOM7_HUMAN	proxy	yes
d1700ac6-d1a8-5c60-872c-19ac7ef47bab	TOPRS_HUMAN	proxy	yes
e8aa80b0-da05-559d-ab2d-422aeb2eace2	TPD52_HUMAN	proxy	yes
01a1b64d-8426-5b55-aaa5-44e888ba334c	TREX1_HUMAN	proxy	yes
2a9abc07-7799-501c-8b7d-f49478888b03	TRM9B_HUMAN	proxy	yes
c772e540-eb5d-5075-82ed-db109788385e	TROAP_HUMAN	proxy	yes
ae9e769b-51d3-521c-b711-f3683b8b986d	TRPV3_HUMAN	proxy	yes
17fefc3f-89fb-5438-9103-594b9f0063ae	TSEAR_HUMAN	proxy	yes
cdbbb952-e94e-590d-803d-4b7918c047e2	TSG6_HUMAN	proxy	yes
993853ff-ba83-5b86-93d3-d2906a46e038	TSLP_HUMAN	proxy	yes
0372e61c-410c-5418-a3c4-c88e07f9f129	TSP50_HUMAN	proxy	yes
33a3ca4c-c590-5349-9849-bd74074ac58d	TSTD1_HUMAN	proxy	yes
aeb8f0ea-36c2-5ab4-b364-7d94f6b6cece	TTC24_HUMAN	proxy	yes
2a53dfde-da43-51f6-bc57-385ff2165cb6	TTC36_HUMAN	proxy	yes
9fa36fd1-2a78-522e-810d-82284245792d	TTL10_HUMAN	proxy	yes
b83f3472-23e9-55d8-9bd8-4c7da7594dd5	TX1B3_HUMAN	proxy	yes
dd5be39a-c203-585b-83bb-5afa22bf2002	TYW3_HUMAN	proxy	yes
89f615e0-41a7-5396-92c6-86dd086afb6e	U1SBP_HUMAN	proxy	yes
a7ab3559-5a1e-5b21-b221-d19695ce81ff	UB2R1_HUMAN	proxy	yes
64c0f75c-f8dd-5694-8596-ddf0dcd52b35	UBAC2_HUMAN	proxy	yes
027311e6-82ed-54f4-bb52-5dc6068d3c1f	UBAD1_HUMAN	proxy	yes
7bfea5fc-7576-58ca-a799-9952697fb8ed	UBCP1_HUMAN	proxy	yes
47634a45-57c7-5d81-b189-02712514a6f2	UBE2W_HUMAN	proxy	yes
fefe28e7-9fd2-5b21-b7aa-c0a3e581a035	UBX10_HUMAN	proxy	yes
29e6939a-fee8-5816-a0b0-009e751e431e	UCN1_HUMAN	proxy	yes
b01b23e3-e01a-5b4a-b8e1-32b9a3c25670	UQCC2_HUMAN	proxy	yes
8c8f7b4a-702a-5080-ba53-9b69240bef2c	UROL1_HUMAN	proxy	yes
08fcc31a-08ef-5527-8b67-9f62b2cb234d	UTF1_HUMAN	proxy	yes
6c20382d-9442-5b06-ae8b-974b4383a986	UTS2_HUMAN	proxy	yes
4550ab86-27df-5e6f-a369-22c14ca06290	VMO1_HUMAN	proxy	yes
87948292-c715-591f-afe4-3876fdbd7145	VP33B_HUMAN	proxy	yes
12c4d479-e756-5d11-b0f3-17fc6e394ed0	VTM2B_HUMAN	proxy	yes
1566b703-6bda-5973-91f5-fb8ae183998f	VWCE_HUMAN	proxy	yes
8670e658-b28f-59d5-9339-88358b12385e	WDFY1_HUMAN	proxy	yes
c3ce03c1-dfa8-5df7-b409-96474089c32f	WDR88_HUMAN	proxy	yes
26c1eaf3-b046-5a44-be6a-ebb83dfced04	WFD11_HUMAN	proxy	yes
05e63097-047e-5864-a495-0922b3d3cc9e	WFDC1_HUMAN	proxy	yes
0db2b78d-0e7f-5d6d-a87c-85d7c17596d8	WFDC3_HUMAN	proxy	yes
08b02071-d52f-5b40-8a07-deabf14bfe87	WFDC5_HUMAN	proxy	yes
611c12c7-81ea-5bd2-b25e-cf40f616ea40	WIPF3_HUMAN	proxy	yes
0f6d2ae9-d76b-5958-968c-8ed11f13d359	XAF1_HUMAN	proxy	yes
490e2287-5025-5190-8aca-5c8e3d53d1a9	XG_HUMAN	proxy	yes
b92364f8-2416-58d2-bbf4-40d59f04e5a3	YBEY_HUMAN	proxy	yes
7198e775-0896-508d-bf65-9d72a416e990	YQ015_HUMAN	proxy	yes
69d2aac2-a5ad-5f79-8a3b-c73e2760bbc6	Z286A_HUMAN	proxy	yes
e2b61f1f-133e-5b9a-b511-8e68841e8541	Z355P_HUMAN	proxy	yes
5c55a6a2-a387-5dc0-926e-87b261c11ac4	ZACN_HUMAN	proxy	yes
ca037fe5-b536-502d-b788-2b62ac40fdac	ZBTB3_HUMAN	proxy	yes
27bb6345-31f4-5ee9-bd1c-6db3cbf324d3	ZC11A_HUMAN	proxy	yes
cc452a11-1e9c-5662-8bd1-412f3d17497e	ZC3HE_HUMAN	proxy	yes
0a47b393-1624-5583-ac15-6e1d10e02960	ZCPW1_HUMAN	proxy	yes
2daf153f-b0e3-5b60-a954-593ddbfa8154	ZCPW2_HUMAN	proxy	yes
0ea65860-539a-5768-95b4-1268b511e0fc	ZDH11_HUMAN	proxy	yes
4ffe44d2-a2b6-5594-a3f4-350d24474294	ZF64B_HUMAN	proxy	yes
3989a7de-575f-5d81-8272-e19343e29a18	ZFP30_HUMAN	proxy	yes
81327617-1062-5bfc-8c49-1e04a15a2d35	ZFP37_HUMAN	proxy	yes
d87dab4c-fd34-504d-884e-67f1cf961b4b	ZFP41_HUMAN	proxy	yes
26cab87f-3f90-57fb-a4a8-f90a689c30c5	ZIM2_HUMAN	proxy	yes
e3be716c-3a57-5283-a088-3888ab39aebd	ZKSC1_HUMAN	proxy	yes
86e0b334-3d34-5bf1-830b-415fc8dfa71a	ZKSC7_HUMAN	proxy	yes
a9df7799-3a47-5726-a2da-ed8ab39b8d58	ZMAT3_HUMAN	proxy	yes
0062dd0e-8bb9-5b52-aa30-74ba596be658	ZN101_HUMAN	proxy	yes
f6194379-12b7-58df-93e3-3ee60a258111	ZN155_HUMAN	proxy	yes
88a175be-088b-51c9-99e7-9f45bd2e15e9	ZN264_HUMAN	proxy	yes
ad459823-2584-5be8-89c7-2fc66a58c232	ZN283_HUMAN	proxy	yes
be2b3282-5070-56d3-90e2-7ea70fa844f0	ZN316_HUMAN	proxy	yes
a468b9a7-1e3a-5235-aaa3-aeca6f422d33	ZN350_HUMAN	proxy	yes
e8d6935c-fde2-57c3-beed-fbf942b96dee	ZN367_HUMAN	proxy	yes
70d26d64-a2cb-55f4-84b4-40bc9cd3c6e0	ZN419_HUMAN	proxy	yes
7134919e-d622-55b2-8bda-4ad0cb0a7f8c	ZN474_HUMAN	proxy	yes
561ad5df-e1c0-5f6d-b700-bb86d4108be9	ZN513_HUMAN	proxy	yes
b3bd8f6c-7b04-5b5c-9886-271ebbd9a31f	ZN524_HUMAN	proxy	yes
e1385d33-7552-5ac6-be4d-4a9b7cb90b52	ZN565_HUMAN	proxy	yes
7d4e6a42-eec0-51dc-ab8f-a6cedf44671d	ZN566_HUMAN	proxy	yes
fd15098b-4aee-5614-a556-5238cc181727	ZN567_HUMAN	proxy	yes
d7ddafe7-8093-5ed1-8e4b-b740d268c70b	ZN624_HUMAN	proxy	yes
5ad51087-6550-5f25-bbcd-d37cb09ec894	ZN649_HUMAN	proxy	yes
eb7cf186-0e28-5485-99de-af7cb8deba5f	ZN688_HUMAN	proxy	yes
1d91ff13-bdcd-51d8-b201-dd20c9981bc4	ZN784_HUMAN	proxy	yes
51ad0d26-0a11-5ca6-82da-e097b9e27be5	ZN800_HUMAN	proxy	yes
8823ea1e-2973-5ed2-806f-e6b1af7861f5	ZN818_HUMAN	proxy	yes
6725f4c5-bfea-5a2a-9d6a-63a0f49dce7e	ZNF10_HUMAN	proxy	yes
97b4923a-5e99-5230-82ec-d27bef224330	ZNF22_HUMAN	proxy	yes
57c02049-7ead-544f-90cc-3dffd9ae73da	ZNF35_HUMAN	proxy	yes
38393b82-7003-5bac-92bc-059577e3080e	ZNF45_HUMAN	proxy	yes
83eafe1c-21f7-5839-ad3d-2840cc76e7e8	ZNF71_HUMAN	proxy	yes
818b596c-cc82-5cc2-9f4a-623edf247b11	ZNRF1_HUMAN	proxy	yes
e01ca27d-0296-521c-b8bc-16ab60993a5c	ZPI_HUMAN	proxy	yes
d6a79152-b7ef-592a-9b0a-a161be867042	ZSC26_HUMAN	proxy	yes
19321801-735a-5700-9ea0-07c776092c9a	ZSWM7_HUMAN	proxy	yes
